player_type,team,opponent,player_name,mlb_id,lineup_spot,pos,lineup_status,proj_pa,proj_ip,proj_outs,proj_runs_allowed,proj_hits_allowed,proj_strikeouts,proj_walks,direct_K,rate_K,direct_BB,rate_BB,direct_H,rate_H,direct_HR,rate_HR,proj_hits,proj_runs,proj_rbi,proj_hrrbi,proj_hr,proj_tb,direct_TB,rate_TB,used_fallback,confidence_score,proj_pa_confidence_score,proj_hits_confidence_score,proj_hr_confidence_score,proj_strikeouts_confidence_score,proj_runs_confidence_score,proj_rbi_confidence_score,proj_hrrbi_confidence_score,proj_walks_confidence_score,confidence,proj_pa_confidence,proj_hits_confidence,proj_hr_confidence,proj_strikeouts_confidence,proj_runs_confidence,proj_rbi_confidence,proj_hrrbi_confidence,proj_walks_confidence
pitcher,MIL,CIN,Kyle Harrison,690986,,,Probable Starter,,4.85,15.0,2.64,4.83,5.34,1.76,5.284,5.396,1.764,1.765,4.781,5.045,0.763,0.788,,,,,,,,,,,,,,,,,,,,,,,,,,,
pitcher,CIN,MIL,Brady Singer,663903,,,Probable Starter,,5.13,15.0,3.04,5.78,4.35,1.79,4.64,4.053,1.764,1.864,5.755,5.901,0.866,0.895,,,,,,,,,,,,,,,,,,,,,,,,,,,
pitcher,ATL,PHI,Tyler Mahle,641816,,,Probable Starter,,5.33,16.0,2.66,4.98,5.49,1.68,5.333,5.644,1.598,1.938,4.851,5.489,0.699,0.893,,,,,,,,,,,,,,,,,,,,,,,,,,,
pitcher,PHI,ATL,Aaron Nola,605400,,,Probable Starter,,5.13,15.0,2.9,5.08,4.37,2.13,4.0,4.74,2.057,2.353,4.855,5.968,0.866,0.901,,,,,,,,,,,,,,,,,,,,,,,,,,,
pitcher,BOS,BAL,Payton Tolle,801139,,,Probable Starter,,5.33,16.0,2.79,5.07,6.56,1.8,6.458,6.659,1.764,1.912,4.851,5.954,0.866,0.873,,,,,,,,,,,,,,,,,,,,,,,,,,,
pitcher,BAL,BOS,Kyle Bradish,680694,,,Probable Starter,,5.13,15.0,2.88,5.34,5.01,1.91,5.284,4.74,1.764,2.353,5.2,5.892,0.763,0.881,,,,,,,,,,,,,,,,,,,,,,,,,,,
pitcher,LAA,PIT,Walbert Ureña,700712,,,Probable Starter,,5.13,15.0,2.59,4.37,6.08,2.38,6.458,5.7,2.057,3.365,4.138,5.301,0.545,0.866,,,,,,,,,,,,,,,,,,,,,,,,,,,
pitcher,PIT,LAA,Paul Skenes,694973,,,Probable Starter,,5.13,15.0,2.6,4.85,6.45,1.66,6.458,6.451,1.598,1.864,4.781,5.14,0.699,0.819,,,,,,,,,,,,,,,,,,,,,,,,,,,
pitcher,DET,CLE,Jackson Jobe,695549,,,Probable Starter,,4.44,13.0,2.53,4.73,4.05,1.64,4.0,4.109,1.598,1.749,4.781,4.507,0.699,0.744,,,,,,,,,,,,,,,,,,,,,,,,,,,
pitcher,CLE,DET,Gavin Williams,668909,,,Probable Starter,,4.97,15.0,2.6,4.84,5.4,1.61,5.284,5.523,1.538,1.806,4.781,5.096,0.763,0.807,,,,,,,,,,,,,,,,,,,,,,,,,,,
pitcher,NYM,SF,Christian Scott,681035,,,Probable Starter,,4.97,15.0,2.76,4.86,5.4,2.11,5.284,5.523,2.057,2.28,4.781,5.173,0.763,0.808,,,,,,,,,,,,,,,,,,,,,,,,,,,
pitcher,CHC,MIA,Clay Holmes,605280,,,Probable Starter,,4.97,15.0,2.85,5.29,4.06,1.89,3.767,4.357,1.764,2.28,5.2,5.64,0.763,0.839,,,,,,,,,,,,,,,,,,,,,,,,,,,
pitcher,MIA,CHC,Tyler Phillips,663969,,,Probable Starter,,4.44,13.0,2.68,4.9,3.63,1.8,3.745,3.513,1.764,1.911,4.851,5.116,0.763,0.781,,,,,,,,,,,,,,,,,,,,,,,,,,,
pitcher,AZ,HOU,Eduardo Rodriguez,593958,,,Probable Starter,,5.13,15.0,2.99,5.81,3.91,1.66,3.767,4.053,1.598,1.836,5.755,6.047,0.833,0.881,,,,,,,,,,,,,,,,,,,,,,,,,,,
pitcher,HOU,AZ,Peter Lambert,663567,,,Probable Starter,,5.13,15.0,2.82,5.01,5.49,1.96,5.284,5.7,1.764,2.566,4.851,5.637,0.866,0.848,,,,,,,,,,,,,,,,,,,,,,,,,,,
pitcher,TOR,KC,Spencer Arrighetti,681293,,,Probable Starter,,4.44,13.0,2.8,4.85,3.97,2.27,3.767,4.179,2.057,2.917,4.781,5.121,0.763,0.796,,,,,,,,,,,,,,,,,,,,,,,,,,,
pitcher,KC,TOR,Randy Dobnak,677976,,,Probable Starter,,5.13,15.0,2.93,5.73,4.37,1.66,4.64,4.092,1.598,1.864,5.542,6.459,0.763,0.879,,,,,,,,,,,,,,,,,,,,,,,,,,,
pitcher,TB,TEX,Ian Seymour,693855,,,Probable Starter,,4.97,15.0,2.77,5.02,5.76,1.77,5.284,6.237,1.764,1.806,4.851,5.689,0.866,0.887,,,,,,,,,,,,,,,,,,,,,,,,,,,
pitcher,TEX,TB,MacKenzie Gore,669022,,,Probable Starter,,5.33,16.0,2.71,5.07,5.91,1.68,5.889,5.926,1.598,1.938,4.855,5.917,0.763,0.858,,,,,,,,,,,,,,,,,,,,,,,,,,,
pitcher,STL,COL,Kyle Leahy,681517,,,Probable Starter,,4.95,15.0,2.67,4.99,5.26,1.77,5.284,5.244,1.764,1.801,4.85,5.563,0.699,0.801,,,,,,,,,,,,,,,,,,,,,,,,,,,
pitcher,COL,STL,Tanner Gordon,685299,,,Probable Starter,,4.96,15.0,2.88,5.35,3.83,1.77,3.745,3.917,1.764,1.802,5.2,5.93,0.866,0.898,,,,,,,,,,,,,,,,,,,,,,,,,,,
pitcher,ATH,SEA,Gage Jump,695611,,,Probable Starter,,5.13,15.0,2.79,4.95,6.43,2.18,6.458,6.404,2.057,2.566,4.851,5.345,0.699,0.827,,,,,,,,,,,,,,,,,,,,,,,,,,,
pitcher,SEA,ATH,Bryan Woo,693433,,,Probable Starter,,5.13,15.0,2.63,4.95,6.08,1.66,6.458,5.7,1.598,1.864,4.851,5.345,0.699,0.838,,,,,,,,,,,,,,,,,,,,,,,,,,,
pitcher,NYY,SD,Gerrit Cole,543037,,,Probable Starter,,5.33,16.0,2.63,5.0,6.65,1.58,6.625,6.67,1.538,1.688,4.851,5.583,0.699,0.866,,,,,,,,,,,,,,,,,,,,,,,,,,,
pitcher,SD,NYY,Michael King,650633,,,Probable Starter,,5.13,15.0,2.86,5.03,5.88,2.18,6.458,5.297,2.057,2.566,4.855,5.751,0.763,0.903,,,,,,,,,,,,,,,,,,,,,,,,,,,
pitcher,MIN,CWS,Bailey Ober,641927,,,Probable Starter,,4.96,15.0,3.03,5.74,3.96,1.77,4.0,3.917,1.764,1.802,5.755,5.663,0.866,0.959,,,,,,,,,,,,,,,,,,,,,,,,,,,
pitcher,WSH,LAD,Andrew Alvarez,674841,,,Probable Starter,,4.44,13.0,2.59,4.87,3.94,1.88,3.767,4.109,1.764,2.224,4.851,4.968,0.545,0.757,,,,,,,,,,,,,,,,,,,,,,,,,,,
pitcher,LAD,WSH,Justin Wrobleski,680736,,,Probable Starter,,5.33,16.0,2.88,5.6,5.07,1.62,5.284,4.853,1.598,1.688,5.542,5.854,0.763,0.892,,,,,,,,,,,,,,,,,,,,,,,,,,,
hitter,MIL,CIN,Sal Frelick,686217,1.0,RF,Confirmed Lineup,4.1,,,,,0.48,0.14,0.48,0.486,0.127,0.144,1.213,1.252,0.029,0.028,1.23,0.53,0.42,2.19,0.03,1.56,1.717,1.439,False,96.0,99.0,96.0,88.0,93.0,91.0,91.0,92.0,94.0,high,high,high,high,high,high,high,high,high
hitter,MIL,CIN,Christian Yelich,592885,2.0,DH,Confirmed Lineup,4.5,,,,,1.16,0.19,1.098,1.215,0.18,0.197,1.407,1.352,0.058,0.066,1.38,0.62,0.49,2.49,0.06,1.87,1.907,1.847,False,96.0,99.0,96.0,88.0,93.0,91.0,91.0,92.0,94.0,high,high,high,high,high,high,high,high,high
hitter,MIL,CIN,Jackson Chourio,694192,3.0,LF,Confirmed Lineup,4.76,,,,,1.25,0.19,1.278,1.221,0.211,0.163,1.407,1.466,0.071,0.052,1.44,0.65,0.58,2.66,0.06,1.86,1.804,1.901,False,96.0,99.0,96.0,88.0,93.0,91.0,91.0,92.0,94.0,high,high,high,high,high,high,high,high,high
hitter,MIL,CIN,Jake Bauers,641343,4.0,1B,Confirmed Lineup,4.61,,,,,1.41,0.28,1.278,1.548,0.282,0.274,1.213,1.332,0.069,0.128,1.28,0.62,0.55,2.45,0.1,1.79,1.738,1.828,False,96.0,99.0,96.0,88.0,93.0,91.0,91.0,92.0,94.0,high,high,high,high,high,high,high,high,high
hitter,MIL,CIN,Garrett Mitchell,669003,5.0,CF,Confirmed Lineup,4.1,,,,,1.23,0.22,1.098,1.372,0.18,0.265,1.213,1.18,0.059,0.078,1.2,0.56,0.49,2.25,0.07,1.71,1.832,1.609,False,96.0,99.0,96.0,88.0,93.0,91.0,91.0,92.0,94.0,high,high,high,high,high,high,high,high,high
hitter,MIL,CIN,Brice Turang,668930,6.0,2B,Confirmed Lineup,4.76,,,,,1.28,0.31,1.278,1.275,0.282,0.33,1.681,1.417,0.058,0.029,1.54,0.61,0.6,2.74,0.04,1.8,1.817,1.793,False,96.0,99.0,96.0,88.0,93.0,91.0,91.0,92.0,94.0,high,high,high,high,high,high,high,high,high
hitter,MIL,CIN,Cooper Pratt,806198,7.0,SS,Confirmed Lineup,4.61,,,,,0.91,0.2,0.803,1.015,0.172,0.225,1.407,1.308,0.04,0.039,1.35,0.53,0.47,2.34,0.04,1.72,1.76,1.688,False,96.0,99.0,96.0,88.0,93.0,91.0,91.0,92.0,94.0,high,high,high,high,high,high,high,high,high
hitter,MIL,CIN,Bo Naylor,666310,8.0,C,Confirmed Lineup,4.04,,,,,1.04,0.09,0.949,1.139,0.097,0.082,1.125,1.083,0.055,0.078,1.1,0.43,0.4,1.94,0.07,1.53,1.613,1.467,False,96.0,99.0,96.0,88.0,93.0,91.0,91.0,92.0,94.0,high,high,high,high,high,high,high,high,high
hitter,MIL,CIN,David Hamilton,666152,9.0,3B,Confirmed Lineup,3.97,,,,,0.86,0.14,0.803,0.912,0.127,0.149,1.125,1.134,0.035,0.028,1.13,0.43,0.39,1.95,0.03,1.58,1.667,1.516,False,96.0,99.0,96.0,88.0,93.0,91.0,91.0,92.0,94.0,high,high,high,high,high,high,high,high,high
hitter,CIN,MIL,Dane Myers,667472,1.0,CF,Confirmed Lineup,4.34,,,,,0.7,0.37,0.617,0.778,0.386,0.354,1.125,1.105,0.248,0.299,1.11,0.67,0.55,2.34,0.27,2.23,2.439,2.064,False,96.0,99.0,96.0,88.0,93.0,91.0,91.0,92.0,94.0,high,high,high,high,high,high,high,high,high
hitter,CIN,MIL,Elly De La Cruz,682829,2.0,DH,Confirmed Lineup,5.08,,,,,1.08,0.57,1.098,1.065,0.572,0.575,1.213,1.275,0.642,0.654,1.25,0.98,0.86,3.09,0.65,3.16,3.096,3.207,False,96.0,99.0,96.0,88.0,93.0,91.0,91.0,92.0,94.0,high,high,high,high,high,high,high,high,high
hitter,CIN,MIL,Sal Stewart,701398,3.0,1B,Confirmed Lineup,5.08,,,,,0.8,0.44,0.803,0.792,0.409,0.468,1.143,1.445,0.534,0.575,1.31,0.93,0.93,3.16,0.55,3.01,2.843,3.152,False,96.0,99.0,96.0,88.0,93.0,91.0,91.0,92.0,94.0,high,high,high,high,high,high,high,high,high
hitter,CIN,MIL,Tyler Stephenson,663886,4.0,C,Confirmed Lineup,4.76,,,,,1.1,0.43,1.098,1.1,0.409,0.451,1.125,1.217,0.446,0.512,1.18,0.83,0.82,2.82,0.48,2.73,2.666,2.791,False,96.0,99.0,96.0,88.0,93.0,91.0,91.0,92.0,94.0,high,high,high,high,high,high,high,high,high
hitter,CIN,MIL,Eugenio Suárez,553993,5.0,3B,Confirmed Lineup,4.76,,,,,1.12,0.46,1.098,1.136,0.424,0.489,1.407,1.296,0.551,0.62,1.35,0.96,0.97,3.28,0.59,3.43,3.648,3.26,False,96.0,99.0,96.0,88.0,93.0,91.0,91.0,92.0,94.0,high,high,high,high,high,high,high,high,high
hitter,CIN,MIL,JJ Bleday,668709,6.0,LF,Confirmed Lineup,5.08,,,,,0.85,0.59,0.803,0.892,0.572,0.615,1.636,1.386,0.622,0.637,1.5,0.94,1.06,3.5,0.63,3.56,3.688,3.462,False,96.0,99.0,96.0,88.0,93.0,91.0,91.0,92.0,94.0,high,high,high,high,high,high,high,high,high
hitter,CIN,MIL,Matt McLain,680574,7.0,SS,Confirmed Lineup,4.75,,,,,0.89,0.39,0.813,0.968,0.386,0.401,1.213,1.223,0.432,0.466,1.22,0.72,0.71,2.65,0.45,2.95,3.056,2.867,False,96.0,99.0,96.0,88.0,93.0,91.0,91.0,92.0,94.0,high,high,high,high,high,high,high,high,high
hitter,CIN,MIL,Juan Brito,682877,8.0,2B,Confirmed Lineup,3.91,,,,,0.75,0.29,0.72,0.786,0.307,0.282,0.857,0.85,0.252,0.325,0.85,0.49,0.48,1.83,0.29,1.81,1.832,1.786,False,96.0,99.0,96.0,88.0,93.0,91.0,91.0,92.0,94.0,high,high,high,high,high,high,high,high,high
hitter,CIN,MIL,Héctor Rodríguez,699302,9.0,RF,Confirmed Lineup,4.75,,,,,0.97,0.32,0.949,0.999,0.321,0.314,1.125,1.253,0.435,0.412,1.2,0.68,0.69,2.57,0.42,2.68,2.59,2.753,False,96.0,99.0,96.0,88.0,93.0,91.0,91.0,92.0,94.0,high,high,high,high,high,high,high,high,high
hitter,ATL,PHI,Drake Baldwin,686948,1.0,DH,Confirmed Lineup,4.61,,,,,1.0,0.41,0.949,1.042,0.409,0.41,0.968,0.975,0.054,0.05,0.97,0.5,0.35,1.82,0.05,1.38,1.378,1.38,False,96.0,99.0,96.0,88.0,93.0,91.0,91.0,92.0,94.0,high,high,high,high,high,high,high,high,high
hitter,ATL,PHI,Ronald Acuña Jr.,660670,2.0,RF,Confirmed Lineup,4.61,,,,,1.12,0.43,1.098,1.14,0.424,0.437,0.857,0.969,0.06,0.075,0.92,0.49,0.34,1.75,0.07,1.36,1.247,1.457,False,96.0,99.0,96.0,88.0,93.0,91.0,91.0,92.0,94.0,high,high,high,high,high,high,high,high,high
hitter,ATL,PHI,Matt Olson,621566,3.0,1B,Confirmed Lineup,4.61,,,,,1.06,0.42,1.011,1.113,0.409,0.422,0.968,0.981,0.069,0.095,0.98,0.52,0.42,1.91,0.08,1.55,1.591,1.523,False,96.0,99.0,96.0,88.0,93.0,91.0,91.0,92.0,94.0,high,high,high,high,high,high,high,high,high
hitter,ATL,PHI,Michael Harris II,671739,4.0,CF,Confirmed Lineup,3.97,,,,,0.81,0.2,0.803,0.814,0.228,0.173,0.857,0.849,0.047,0.036,0.85,0.4,0.35,1.6,0.04,1.24,1.327,1.178,False,96.0,99.0,96.0,88.0,93.0,91.0,91.0,92.0,94.0,high,high,high,high,high,high,high,high,high
hitter,ATL,PHI,Mauricio Dubón,643289,5.0,SS,Confirmed Lineup,3.97,,,,,0.43,0.21,0.377,0.486,0.228,0.185,0.857,0.854,0.033,0.024,0.86,0.4,0.34,1.59,0.03,1.22,1.231,1.218,False,96.0,99.0,96.0,88.0,93.0,91.0,91.0,92.0,94.0,high,high,high,high,high,high,high,high,high
hitter,ATL,PHI,Ozzie Albies,645277,6.0,2B,Confirmed Lineup,4.34,,,,,0.65,0.3,0.617,0.674,0.31,0.294,0.857,0.947,0.046,0.037,0.91,0.39,0.37,1.66,0.04,1.28,1.267,1.283,False,96.0,99.0,96.0,88.0,93.0,91.0,91.0,92.0,94.0,high,high,high,high,high,high,high,high,high
hitter,ATL,PHI,Sean Murphy,669221,7.0,C,Confirmed Lineup,4.04,,,,,1.13,0.32,1.098,1.17,0.31,0.34,0.715,0.701,0.053,0.057,0.71,0.33,0.27,1.3,0.05,1.11,1.135,1.097,False,96.0,99.0,96.0,88.0,93.0,91.0,91.0,92.0,94.0,high,high,high,high,high,high,high,high,high
hitter,ATL,PHI,Austin Riley,663586,8.0,3B,Confirmed Lineup,3.91,,,,,1.1,0.33,1.011,1.184,0.31,0.343,0.699,0.706,0.06,0.084,0.7,0.34,0.28,1.32,0.07,1.13,1.11,1.14,False,96.0,99.0,96.0,88.0,93.0,91.0,91.0,92.0,94.0,high,high,high,high,high,high,high,high,high
hitter,ATL,PHI,Mike Yastrzemski,573262,9.0,LF,Confirmed Lineup,2.89,,,,,0.74,0.22,0.72,0.762,0.228,0.21,0.537,0.449,0.029,0.023,0.49,0.22,0.18,0.89,0.03,0.66,0.761,0.569,False,96.0,99.0,96.0,88.0,93.0,91.0,91.0,92.0,94.0,high,high,high,high,high,high,high,high,high
hitter,PHI,ATL,Kyle Schwarber,656941,1.0,DH,Confirmed Lineup,3.71,,,,,1.63,0.13,1.497,1.754,0.097,0.155,0.772,0.663,0.232,0.203,0.71,0.43,0.38,1.53,0.22,1.51,1.682,1.364,False,96.0,99.0,96.0,88.0,93.0,91.0,91.0,92.0,94.0,high,high,high,high,high,high,high,high,high
hitter,PHI,ATL,Trea Turner,607208,2.0,SS,Confirmed Lineup,3.71,,,,,1.27,0.06,1.278,1.266,0.093,0.029,0.772,0.694,0.138,0.123,0.73,0.38,0.33,1.44,0.13,1.23,1.3,1.182,False,96.0,99.0,96.0,88.0,93.0,91.0,91.0,92.0,94.0,high,high,high,high,high,high,high,high,high
hitter,PHI,ATL,Bryce Harper,547180,3.0,RF,Confirmed Lineup,3.72,,,,,1.41,0.12,1.478,1.347,0.097,0.152,0.68,0.624,0.194,0.166,0.65,0.39,0.38,1.42,0.18,1.19,1.203,1.173,False,96.0,99.0,96.0,88.0,93.0,91.0,91.0,92.0,94.0,high,high,high,high,high,high,high,high,high
hitter,PHI,ATL,Luis Arraez,650333,4.0,2B,Confirmed Lineup,3.61,,,,,0.56,0.02,0.48,0.639,0.021,0.021,0.772,0.671,0.053,0.058,0.72,0.32,0.31,1.35,0.06,0.98,0.98,0.981,False,96.0,99.0,96.0,88.0,93.0,91.0,91.0,92.0,94.0,high,high,high,high,high,high,high,high,high
hitter,PHI,ATL,Alec Bohm,664761,5.0,1B,Confirmed Lineup,3.71,,,,,0.93,0.07,0.949,0.912,0.093,0.051,0.772,0.675,0.129,0.115,0.72,0.37,0.36,1.45,0.12,1.3,1.359,1.243,False,96.0,99.0,96.0,88.0,93.0,91.0,91.0,92.0,94.0,high,high,high,high,high,high,high,high,high
hitter,PHI,ATL,Bryson Stott,681082,6.0,3B,Confirmed Lineup,3.29,,,,,1.01,0.07,1.011,1.012,0.093,0.056,0.68,0.585,0.107,0.087,0.63,0.28,0.31,1.22,0.1,1.0,1.052,0.961,False,96.0,99.0,96.0,88.0,93.0,91.0,91.0,92.0,94.0,high,high,high,high,high,high,high,high,high
hitter,PHI,ATL,Brandon Marsh,669016,7.0,LF,Confirmed Lineup,3.19,,,,,1.23,0.01,1.278,1.186,0.021,0.006,0.605,0.519,0.102,0.099,0.56,0.25,0.25,1.06,0.1,1.01,1.073,0.962,False,96.0,99.0,96.0,88.0,93.0,91.0,91.0,92.0,94.0,high,high,high,high,high,high,high,high,high
hitter,PHI,ATL,Justin Crawford,702222,8.0,CF,Confirmed Lineup,2.89,,,,,0.88,0.02,0.949,0.815,0.021,0.018,0.715,0.602,0.065,0.055,0.65,0.26,0.25,1.17,0.06,0.92,1.054,0.811,False,96.0,99.0,96.0,88.0,93.0,91.0,91.0,92.0,94.0,high,high,high,high,high,high,high,high,high
hitter,PHI,ATL,Garrett Stubbs,596117,9.0,C,Confirmed Lineup,2.74,,,,,0.97,0.03,0.949,1.0,0.021,0.043,0.472,0.399,0.061,0.039,0.43,0.18,0.18,0.79,0.05,0.67,0.697,0.642,False,96.0,99.0,96.0,88.0,93.0,91.0,91.0,92.0,94.0,high,high,high,high,high,high,high,high,high
hitter,BOS,BAL,Roman Anthony,701350,1.0,RF,Confirmed Lineup,4.61,,,,,0.98,0.5,0.949,1.001,0.514,0.49,1.092,1.105,0.192,0.19,1.1,0.64,0.49,2.23,0.19,2.05,2.124,1.995,False,96.0,99.0,96.0,88.0,93.0,91.0,91.0,92.0,94.0,high,high,high,high,high,high,high,high,high
hitter,BOS,BAL,Mickey Gasper,681508,2.0,1B,Confirmed Lineup,3.71,,,,,0.72,0.38,0.69,0.742,0.386,0.366,0.772,0.731,0.154,0.116,0.75,0.45,0.34,1.54,0.14,1.29,1.263,1.316,False,96.0,99.0,96.0,88.0,93.0,91.0,91.0,92.0,94.0,high,high,high,high,high,high,high,high,high
hitter,BOS,BAL,Adley Rutschman,668939,3.0,C,Confirmed Lineup,3.97,,,,,0.68,0.32,0.69,0.669,0.321,0.322,1.012,0.927,0.135,0.119,0.97,0.52,0.46,1.94,0.13,1.47,1.546,1.412,False,96.0,99.0,96.0,88.0,93.0,91.0,91.0,92.0,94.0,high,high,high,high,high,high,high,high,high
hitter,BOS,BAL,Trevor Story,596115,4.0,SS,Confirmed Lineup,4.16,,,,,1.02,0.29,0.949,1.093,0.282,0.305,0.857,0.921,0.165,0.135,0.89,0.5,0.45,1.84,0.15,1.68,1.764,1.613,False,96.0,99.0,96.0,88.0,93.0,91.0,91.0,92.0,94.0,high,high,high,high,high,high,high,high,high
hitter,BOS,BAL,Nick Sogard,686765,5.0,2B,Confirmed Lineup,4.34,,,,,0.68,0.43,0.693,0.671,0.424,0.44,1.092,1.066,0.115,0.108,1.08,0.58,0.49,2.14,0.11,1.6,1.577,1.623,False,96.0,99.0,96.0,88.0,93.0,91.0,91.0,92.0,94.0,high,high,high,high,high,high,high,high,high
hitter,BOS,BAL,Caleb Durbin,702332,6.0,3B,Confirmed Lineup,4.61,,,,,0.55,0.32,0.519,0.59,0.321,0.316,1.125,1.241,0.097,0.102,1.19,0.52,0.52,2.22,0.1,1.71,1.61,1.795,False,96.0,99.0,96.0,88.0,93.0,91.0,91.0,92.0,94.0,high,high,high,high,high,high,high,high,high
hitter,BOS,BAL,Jarren Duran,680776,7.0,LF,Confirmed Lineup,3.72,,,,,0.94,0.27,0.949,0.925,0.282,0.251,0.857,0.782,0.163,0.144,0.82,0.41,0.37,1.6,0.15,1.45,1.463,1.438,False,96.0,99.0,96.0,88.0,93.0,91.0,91.0,92.0,94.0,high,high,high,high,high,high,high,high,high
hitter,BOS,BAL,Andruw Monasterio,655316,8.0,DH,Confirmed Lineup,3.84,,,,,0.57,0.28,0.532,0.605,0.307,0.258,0.857,0.831,0.092,0.093,0.84,0.39,0.34,1.57,0.09,1.32,1.31,1.337,False,96.0,99.0,96.0,88.0,93.0,91.0,91.0,92.0,94.0,high,high,high,high,high,high,high,high,high
hitter,BOS,BAL,Eli White,642201,9.0,CF,Confirmed Lineup,2.89,,,,,0.62,0.12,0.617,0.628,0.127,0.118,0.715,0.576,0.073,0.056,0.64,0.28,0.25,1.17,0.06,0.98,1.1,0.884,False,96.0,99.0,96.0,88.0,93.0,91.0,91.0,92.0,94.0,high,high,high,high,high,high,high,high,high
hitter,BAL,BOS,Blaze Alexander,677942,1.0,2B,Confirmed Lineup,3.91,,,,,0.85,0.22,0.803,0.906,0.228,0.216,0.825,0.812,0.089,0.074,0.82,0.42,0.32,1.56,0.08,1.33,1.388,1.275,False,96.0,99.0,96.0,88.0,93.0,91.0,91.0,92.0,94.0,high,high,high,high,high,high,high,high,high
hitter,BAL,BOS,Pete Alonso,624413,2.0,1B,Confirmed Lineup,4.34,,,,,1.25,0.38,1.278,1.215,0.386,0.382,1.0,0.997,0.232,0.19,1.0,0.59,0.47,2.06,0.21,1.88,1.898,1.867,False,96.0,99.0,96.0,88.0,93.0,91.0,91.0,92.0,94.0,high,high,high,high,high,high,high,high,high
hitter,BAL,BOS,Coby Mayo,691723,3.0,DH,Confirmed Lineup,2.89,,,,,1.13,0.18,1.098,1.163,0.211,0.153,0.519,0.452,0.17,0.121,0.48,0.31,0.29,1.09,0.15,0.92,0.944,0.904,False,96.0,99.0,96.0,88.0,93.0,91.0,91.0,92.0,94.0,high,high,high,high,high,high,high,high,high
hitter,BAL,BOS,Christian Encarnacion-Strand,687952,4.0,3B,Confirmed Lineup,3.61,,,,,1.06,0.22,1.098,1.031,0.228,0.207,0.772,0.748,0.16,0.145,0.76,0.43,0.4,1.59,0.15,1.24,1.247,1.231,False,96.0,99.0,96.0,88.0,93.0,91.0,91.0,92.0,94.0,high,high,high,high,high,high,high,high,high
hitter,BAL,BOS,Gunnar Henderson,683002,5.0,SS,Confirmed Lineup,4.34,,,,,1.03,0.31,1.011,1.052,0.331,0.297,0.968,0.948,0.174,0.179,0.96,0.54,0.49,1.99,0.18,1.67,1.767,1.597,False,96.0,99.0,96.0,88.0,93.0,91.0,91.0,92.0,94.0,high,high,high,high,high,high,high,high,high
hitter,BAL,BOS,Rece Hinds,677956,6.0,LF,Confirmed Lineup,2.19,,,,,0.98,0.11,1.011,0.948,0.127,0.102,0.396,0.269,0.114,0.069,0.33,0.18,0.19,0.7,0.09,0.52,0.533,0.516,False,96.0,99.0,96.0,88.0,93.0,91.0,91.0,92.0,94.0,high,high,high,high,high,high,high,high,high
hitter,BAL,BOS,Leody Taveras,665750,7.0,RF,Confirmed Lineup,3.38,,,,,1.01,0.2,0.949,1.069,0.228,0.179,0.619,0.571,0.081,0.057,0.59,0.28,0.24,1.11,0.07,0.87,0.869,0.87,False,96.0,99.0,96.0,88.0,93.0,91.0,91.0,92.0,94.0,high,high,high,high,high,high,high,high,high
hitter,BAL,BOS,Carlos Narváez,665966,8.0,C,Confirmed Lineup,2.25,,,,,0.83,0.14,0.813,0.841,0.172,0.106,0.396,0.309,0.078,0.047,0.35,0.18,0.16,0.68,0.06,0.54,0.598,0.493,False,96.0,99.0,96.0,88.0,93.0,91.0,91.0,92.0,94.0,high,high,high,high,high,high,high,high,high
hitter,BAL,BOS,Colton Cowser,681297,9.0,CF,Confirmed Lineup,3.61,,,,,1.23,0.24,1.098,1.371,0.228,0.259,0.619,0.612,0.12,0.114,0.62,0.31,0.28,1.21,0.12,1.12,1.177,1.078,False,96.0,99.0,96.0,88.0,93.0,91.0,91.0,92.0,94.0,high,high,high,high,high,high,high,high,high
hitter,LAA,PIT,Zach Neto,687263,1.0,SS,Confirmed Lineup,4.5,,,,,1.17,0.46,1.098,1.241,0.424,0.494,0.968,1.049,0.227,0.228,1.01,0.62,0.49,2.12,0.23,1.88,1.841,1.914,False,96.0,99.0,96.0,88.0,93.0,91.0,91.0,92.0,94.0,high,high,high,high,high,high,high,high,high
hitter,LAA,PIT,Mike Trout,545361,2.0,DH,Confirmed Lineup,4.61,,,,,1.07,0.63,1.011,1.124,0.657,0.603,1.092,1.106,0.225,0.208,1.1,0.68,0.51,2.29,0.22,2.05,1.97,2.113,False,96.0,99.0,96.0,88.0,93.0,91.0,91.0,92.0,94.0,high,high,high,high,high,high,high,high,high
hitter,LAA,PIT,Wade Meckler,685133,3.0,RF,Confirmed Lineup,3.97,,,,,0.71,0.39,0.69,0.721,0.409,0.365,0.857,0.92,0.079,0.064,0.89,0.47,0.39,1.75,0.07,1.42,1.395,1.438,False,96.0,99.0,96.0,88.0,93.0,91.0,91.0,92.0,94.0,high,high,high,high,high,high,high,high,high
hitter,LAA,PIT,Vaughn Grissom,687093,4.0,3B,Confirmed Lineup,4.4,,,,,0.68,0.33,0.693,0.659,0.331,0.322,1.092,1.109,0.145,0.123,1.1,0.58,0.51,2.19,0.13,1.84,1.784,1.891,False,96.0,99.0,96.0,88.0,93.0,91.0,91.0,92.0,94.0,high,high,high,high,high,high,high,high,high
hitter,LAA,PIT,Moisés Ballesteros,694208,5.0,1B,Confirmed Lineup,3.91,,,,,0.86,0.33,0.803,0.923,0.331,0.328,0.968,0.884,0.126,0.112,0.92,0.5,0.43,1.85,0.12,1.51,1.539,1.486,False,96.0,99.0,96.0,88.0,93.0,91.0,91.0,92.0,94.0,high,high,high,high,high,high,high,high,high
hitter,LAA,PIT,Christian Moore,695681,6.0,2B,Confirmed Lineup,3.97,,,,,0.96,0.39,0.949,0.97,0.409,0.367,0.857,0.887,0.122,0.125,0.87,0.43,0.42,1.73,0.12,1.47,1.469,1.465,False,96.0,99.0,96.0,88.0,93.0,91.0,91.0,92.0,94.0,high,high,high,high,high,high,high,high,high
hitter,LAA,PIT,Josh Lowe,666139,7.0,CF,Confirmed Lineup,3.48,,,,,0.93,0.31,0.949,0.918,0.321,0.301,0.772,0.701,0.115,0.101,0.73,0.36,0.31,1.41,0.11,1.23,1.264,1.206,False,96.0,99.0,96.0,88.0,93.0,91.0,91.0,92.0,94.0,high,high,high,high,high,high,high,high,high
hitter,LAA,PIT,Adam Frazier,624428,8.0,LF,Confirmed Lineup,2.74,,,,,0.7,0.21,0.69,0.713,0.228,0.192,0.68,0.514,0.056,0.053,0.59,0.27,0.23,1.09,0.05,0.89,1.009,0.794,False,96.0,99.0,96.0,88.0,93.0,91.0,91.0,92.0,94.0,high,high,high,high,high,high,high,high,high
hitter,LAA,PIT,Tyler Heineman,623168,9.0,C,Confirmed Lineup,3.97,,,,,0.41,0.23,0.377,0.448,0.228,0.231,1.125,1.1,0.084,0.095,1.11,0.47,0.42,2.01,0.09,1.62,1.614,1.632,False,96.0,99.0,96.0,88.0,93.0,91.0,91.0,92.0,94.0,high,high,high,high,high,high,high,high,high
hitter,PIT,LAA,Konnor Griffin,804606,1.0,SS,Confirmed Lineup,4.1,,,,,1.45,0.08,1.478,1.432,0.093,0.068,0.857,0.871,0.159,0.15,0.86,0.45,0.39,1.7,0.15,1.64,1.665,1.625,False,96.0,99.0,96.0,88.0,93.0,91.0,91.0,92.0,94.0,high,high,high,high,high,high,high,high,high
hitter,PIT,LAA,Brandon Lowe,664040,2.0,2B,Confirmed Lineup,3.97,,,,,1.6,0.13,1.497,1.696,0.097,0.154,0.68,0.669,0.22,0.195,0.67,0.41,0.37,1.45,0.21,1.37,1.413,1.329,False,96.0,99.0,96.0,88.0,93.0,91.0,91.0,92.0,94.0,high,high,high,high,high,high,high,high,high
hitter,PIT,LAA,Bryan Reynolds,668804,3.0,LF,Confirmed Lineup,4.1,,,,,1.26,0.18,1.278,1.235,0.172,0.192,0.857,0.848,0.205,0.18,0.85,0.49,0.47,1.81,0.19,1.63,1.694,1.568,False,96.0,99.0,96.0,88.0,93.0,91.0,91.0,92.0,94.0,high,high,high,high,high,high,high,high,high
hitter,PIT,LAA,Nick Gonzales,693304,4.0,DH,Confirmed Lineup,4.1,,,,,0.93,0.08,0.949,0.921,0.093,0.075,1.092,1.044,0.104,0.096,1.07,0.5,0.47,2.04,0.1,1.59,1.693,1.505,False,96.0,99.0,96.0,88.0,93.0,91.0,91.0,92.0,94.0,high,high,high,high,high,high,high,high,high
hitter,PIT,LAA,Oneil Cruz,665833,5.0,CF,Confirmed Lineup,4.16,,,,,1.69,0.24,1.633,1.751,0.18,0.303,0.772,0.766,0.281,0.228,0.77,0.5,0.49,1.76,0.25,1.76,1.869,1.68,False,96.0,99.0,96.0,88.0,93.0,91.0,91.0,92.0,94.0,high,high,high,high,high,high,high,high,high
hitter,PIT,LAA,Esmerlyn Valdez,699013,6.0,RF,Confirmed Lineup,4.07,,,,,1.55,0.13,1.497,1.599,0.097,0.157,0.772,0.739,0.241,0.232,0.75,0.4,0.47,1.63,0.24,1.87,1.969,1.785,False,96.0,99.0,96.0,88.0,93.0,91.0,91.0,92.0,94.0,high,high,high,high,high,high,high,high,high
hitter,PIT,LAA,Spencer Horwitz,687462,7.0,1B,Confirmed Lineup,3.91,,,,,0.9,0.1,0.949,0.853,0.093,0.099,0.699,0.659,0.109,0.101,0.68,0.31,0.29,1.28,0.1,1.23,1.316,1.165,False,96.0,99.0,96.0,88.0,93.0,91.0,91.0,92.0,94.0,high,high,high,high,high,high,high,high,high
hitter,PIT,LAA,Jacob Gonzalez,694378,8.0,3B,Confirmed Lineup,2.25,,,,,0.75,0.02,0.803,0.695,0.0,0.048,0.396,0.292,0.082,0.05,0.34,0.16,0.16,0.65,0.07,0.66,0.772,0.565,False,96.0,99.0,96.0,88.0,93.0,91.0,91.0,92.0,94.0,high,high,high,high,high,high,high,high,high
hitter,PIT,LAA,Henry Davis,680779,9.0,C,Confirmed Lineup,3.29,,,,,0.98,0.08,1.011,0.946,0.093,0.068,0.68,0.569,0.164,0.144,0.62,0.31,0.31,1.24,0.15,1.22,1.299,1.15,False,96.0,99.0,96.0,88.0,93.0,91.0,91.0,92.0,94.0,high,high,high,high,high,high,high,high,high
hitter,DET,CLE,Kevin McGonigle,805808,1.0,3B,Confirmed Lineup,3.97,,,,,1.06,0.28,1.011,1.1,0.282,0.277,0.407,0.421,0.036,0.037,0.41,0.24,0.16,0.81,0.04,0.61,0.657,0.575,False,96.0,99.0,96.0,88.0,93.0,91.0,91.0,92.0,94.0,high,high,high,high,high,high,high,high,high
hitter,DET,CLE,Hao-Yu Lee,701678,2.0,2B,Confirmed Lineup,3.71,,,,,1.3,0.13,1.16,1.442,0.127,0.128,0.396,0.44,0.037,0.042,0.42,0.21,0.16,0.8,0.04,0.7,0.676,0.718,False,96.0,99.0,96.0,88.0,93.0,91.0,91.0,92.0,94.0,high,high,high,high,high,high,high,high,high
hitter,DET,CLE,Colt Keith,690993,3.0,1B,Confirmed Lineup,2.89,,,,,1.07,0.09,1.098,1.049,0.097,0.08,0.262,0.233,0.025,0.015,0.25,0.13,0.11,0.48,0.02,0.37,0.394,0.344,False,96.0,99.0,96.0,88.0,93.0,91.0,91.0,92.0,94.0,high,high,high,high,high,high,high,high,high
hitter,DET,CLE,Riley Greene,682985,4.0,DH,Confirmed Lineup,3.97,,,,,1.66,0.2,1.497,1.818,0.228,0.178,0.396,0.344,0.043,0.038,0.37,0.21,0.17,0.74,0.04,0.5,0.52,0.492,False,96.0,99.0,96.0,88.0,93.0,91.0,91.0,92.0,94.0,high,high,high,high,high,high,high,high,high
hitter,DET,CLE,Dillon Dingler,693307,5.0,C,Confirmed Lineup,3.97,,,,,1.56,0.12,1.497,1.617,0.127,0.118,0.472,0.563,0.052,0.054,0.52,0.26,0.23,1.02,0.05,0.85,0.758,0.921,False,96.0,99.0,96.0,88.0,93.0,91.0,91.0,92.0,94.0,high,high,high,high,high,high,high,high,high
hitter,DET,CLE,Brett Callahan,814430,6.0,LF,Confirmed Lineup,2.74,,,,,1.18,0.07,1.098,1.259,0.093,0.05,0.262,0.231,0.016,0.016,0.24,0.11,0.1,0.45,0.02,0.39,0.411,0.371,False,96.0,99.0,96.0,88.0,93.0,91.0,91.0,92.0,94.0,high,high,high,high,high,high,high,high,high
hitter,DET,CLE,Ben Malgeri,701162,7.0,RF,Confirmed Lineup,3.61,,,,,1.45,0.18,1.278,1.63,0.18,0.176,0.396,0.376,0.021,0.019,0.39,0.17,0.14,0.7,0.02,0.54,0.58,0.502,False,96.0,99.0,96.0,88.0,93.0,91.0,91.0,92.0,94.0,high,high,high,high,high,high,high,high,high
hitter,DET,CLE,Max Clark,703601,8.0,CF,Confirmed Lineup,3.71,,,,,1.34,0.14,1.278,1.406,0.127,0.154,0.363,0.388,0.03,0.026,0.38,0.17,0.14,0.69,0.03,0.53,0.544,0.516,False,96.0,99.0,96.0,88.0,93.0,91.0,91.0,92.0,94.0,high,high,high,high,high,high,high,high,high
hitter,DET,CLE,John Peck,807726,9.0,SS,Confirmed Lineup,3.19,,,,,1.11,0.1,1.011,1.214,0.093,0.104,0.407,0.498,0.017,0.012,0.46,0.18,0.16,0.8,0.01,0.65,0.67,0.626,False,96.0,99.0,96.0,88.0,93.0,91.0,91.0,92.0,94.0,high,high,high,high,high,high,high,high,high
hitter,CLE,DET,Steven Kwan,680757,1.0,DH,Confirmed Lineup,4.75,,,,,0.4,0.56,0.375,0.42,0.572,0.541,1.092,1.203,0.089,0.116,1.15,0.62,0.45,2.22,0.1,1.65,1.557,1.719,False,96.0,99.0,96.0,88.0,93.0,91.0,91.0,92.0,94.0,high,high,high,high,high,high,high,high,high
hitter,CLE,DET,Travis Bazzana,683953,2.0,2B,Confirmed Lineup,4.21,,,,,0.8,0.33,0.813,0.786,0.331,0.332,1.092,0.961,0.183,0.184,1.02,0.58,0.46,2.06,0.18,1.76,1.9,1.643,False,96.0,99.0,96.0,88.0,93.0,91.0,91.0,92.0,94.0,high,high,high,high,high,high,high,high,high
hitter,CLE,DET,Jo Adell,666176,3.0,RF,Confirmed Lineup,4.04,,,,,0.88,0.22,0.813,0.955,0.228,0.212,0.968,0.855,0.297,0.274,0.91,0.57,0.56,2.04,0.29,1.83,1.899,1.766,False,96.0,99.0,96.0,88.0,93.0,91.0,91.0,92.0,94.0,high,high,high,high,high,high,high,high,high
hitter,CLE,DET,Nathaniel Lowe,663993,4.0,1B,Confirmed Lineup,4.34,,,,,0.94,0.37,0.949,0.94,0.386,0.358,1.092,1.028,0.268,0.277,1.06,0.65,0.61,2.32,0.27,2.09,2.228,1.979,False,96.0,99.0,96.0,88.0,93.0,91.0,91.0,92.0,94.0,high,high,high,high,high,high,high,high,high
hitter,CLE,DET,Angel Martínez,682657,5.0,LF,Confirmed Lineup,4.1,,,,,0.83,0.22,0.803,0.849,0.228,0.218,0.968,0.935,0.251,0.238,0.95,0.56,0.55,2.06,0.24,1.95,1.945,1.954,False,96.0,99.0,96.0,88.0,93.0,91.0,91.0,92.0,94.0,high,high,high,high,high,high,high,high,high
hitter,CLE,DET,Angel Genao,694197,6.0,3B,Confirmed Lineup,3.91,,,,,0.59,0.22,0.519,0.665,0.228,0.206,0.857,0.821,0.163,0.191,0.84,0.42,0.45,1.71,0.18,1.53,1.559,1.507,False,96.0,99.0,96.0,88.0,93.0,91.0,91.0,92.0,94.0,high,high,high,high,high,high,high,high,high
hitter,CLE,DET,Patrick Bailey,672275,7.0,C,Confirmed Lineup,4.04,,,,,0.95,0.34,0.949,0.955,0.321,0.351,0.857,0.829,0.227,0.216,0.84,0.46,0.43,1.73,0.22,1.67,1.737,1.616,False,96.0,99.0,96.0,88.0,93.0,91.0,91.0,92.0,94.0,high,high,high,high,high,high,high,high,high
hitter,CLE,DET,Petey Halpin,690984,8.0,CF,Confirmed Lineup,3.96,,,,,0.66,0.23,0.617,0.695,0.228,0.235,0.857,0.907,0.149,0.185,0.88,0.43,0.4,1.72,0.17,1.63,1.675,1.602,False,96.0,99.0,96.0,88.0,93.0,91.0,91.0,92.0,94.0,high,high,high,high,high,high,high,high,high
hitter,CLE,DET,Brayan Rocchio,677587,9.0,SS,Confirmed Lineup,4.34,,,,,0.5,0.29,0.519,0.479,0.31,0.278,1.125,1.177,0.167,0.175,1.15,0.54,0.49,2.19,0.17,1.89,1.928,1.866,False,96.0,99.0,96.0,88.0,93.0,91.0,91.0,92.0,94.0,high,high,high,high,high,high,high,high,high
hitter,SF,NYM,Drew Gilbert,687551,1.0,CF,Confirmed Lineup,3.19,,,,,0.44,0.43,0.377,0.504,0.424,0.434,0.262,0.283,0.025,0.025,0.27,0.2,0.11,0.58,0.02,0.5,0.549,0.462,False,96.0,99.0,96.0,88.0,93.0,91.0,91.0,92.0,94.0,high,high,high,high,high,high,high,high,high
hitter,SF,NYM,Rafael Devers,646240,2.0,DH,Confirmed Lineup,3.97,,,,,0.78,0.66,0.693,0.866,0.657,0.659,0.289,0.354,0.066,0.07,0.32,0.29,0.15,0.77,0.07,0.69,0.716,0.66,False,96.0,99.0,96.0,88.0,93.0,91.0,91.0,92.0,94.0,high,high,high,high,high,high,high,high,high
hitter,SF,NYM,Bryce Eldridge,805811,3.0,1B,Confirmed Lineup,3.97,,,,,0.85,0.73,0.803,0.9,0.786,0.666,0.262,0.301,0.046,0.042,0.28,0.28,0.14,0.7,0.04,0.51,0.577,0.461,False,96.0,99.0,96.0,88.0,93.0,91.0,91.0,92.0,94.0,high,high,high,high,high,high,high,high,high
hitter,SF,NYM,Jonah Cox,813841,4.0,2B,Confirmed Lineup,2.89,,,,,0.71,0.4,0.72,0.708,0.417,0.386,0.262,0.25,0.033,0.05,0.26,0.2,0.13,0.58,0.04,0.52,0.556,0.494,False,96.0,99.0,96.0,88.0,93.0,91.0,91.0,92.0,94.0,high,high,high,high,high,high,high,high,high
hitter,SF,NYM,Jung Hoo Lee,808982,5.0,RF,Confirmed Lineup,4.16,,,,,0.21,0.47,0.167,0.248,0.417,0.523,0.619,0.645,0.025,0.015,0.63,0.35,0.25,1.24,0.02,0.92,0.828,0.989,False,96.0,99.0,96.0,88.0,93.0,91.0,91.0,92.0,94.0,high,high,high,high,high,high,high,high,high
hitter,SF,NYM,Osleivis Basabe,678545,6.0,3B,Confirmed Lineup,2.25,,,,,0.37,0.27,0.375,0.37,0.31,0.236,0.125,0.173,0.022,0.017,0.15,0.11,0.07,0.33,0.02,0.31,0.369,0.263,False,96.0,99.0,96.0,88.0,93.0,91.0,91.0,92.0,94.0,high,high,high,high,high,high,high,high,high
hitter,SF,NYM,Grant McCray,687529,7.0,LF,Confirmed Lineup,3.29,,,,,0.68,0.56,0.693,0.661,0.572,0.549,0.396,0.3,0.029,0.012,0.34,0.22,0.13,0.69,0.02,0.49,0.536,0.451,False,96.0,99.0,96.0,88.0,93.0,91.0,91.0,92.0,94.0,high,high,high,high,high,high,high,high,high
hitter,SF,NYM,Drew Cavanaugh,701852,8.0,C,Confirmed Lineup,2.89,,,,,0.61,0.42,0.617,0.608,0.424,0.411,0.262,0.241,0.017,0.0,0.25,0.16,0.09,0.5,0.01,0.39,0.49,0.31,False,96.0,99.0,96.0,88.0,93.0,91.0,91.0,92.0,94.0,high,high,high,high,high,high,high,high,high
hitter,SF,NYM,Christian Koss,683766,9.0,SS,Confirmed Lineup,3.72,,,,,0.59,0.46,0.617,0.568,0.424,0.494,0.472,0.534,0.03,0.03,0.51,0.27,0.18,0.96,0.03,0.87,0.835,0.903,False,96.0,99.0,96.0,88.0,93.0,91.0,91.0,92.0,94.0,high,high,high,high,high,high,high,high,high
hitter,NYM,SF,Francisco Lindor,596019,1.0,SS,Confirmed Lineup,4.16,,,,,1.21,0.36,1.278,1.149,0.386,0.342,0.519,0.513,0.207,0.197,0.52,0.39,0.31,1.22,0.2,1.09,0.97,1.192,False,82.0,86.0,82.0,74.0,79.0,77.0,77.0,78.0,80.0,high,high,high,medium,medium,medium,medium,medium,high
hitter,NYM,SF,Juan Soto,665742,2.0,DH,Confirmed Lineup,4.04,,,,,0.93,0.54,0.949,0.912,0.572,0.51,0.494,0.531,0.251,0.235,0.51,0.45,0.34,1.3,0.24,1.28,1.23,1.323,False,82.0,86.0,82.0,74.0,79.0,77.0,77.0,78.0,80.0,high,high,high,medium,medium,medium,medium,medium,high
hitter,NYM,SF,Bo Bichette,666182,3.0,3B,Confirmed Lineup,4.16,,,,,1.02,0.31,1.011,1.026,0.31,0.308,0.571,0.593,0.164,0.163,0.58,0.39,0.35,1.32,0.16,1.16,1.141,1.169,False,82.0,86.0,82.0,74.0,79.0,77.0,77.0,78.0,80.0,high,high,high,medium,medium,medium,medium,medium,high
hitter,NYM,SF,Carson Benge,701807,4.0,RF,Confirmed Lineup,4.16,,,,,1.28,0.28,1.278,1.275,0.282,0.273,0.571,0.505,0.15,0.144,0.54,0.35,0.32,1.2,0.15,1.19,1.158,1.207,False,82.0,86.0,82.0,74.0,79.0,77.0,77.0,78.0,80.0,high,high,high,medium,medium,medium,medium,medium,high
hitter,NYM,SF,Mark Vientos,668901,5.0,1B,Confirmed Lineup,3.71,,,,,0.69,0.23,0.693,0.691,0.238,0.23,0.968,0.916,0.434,0.32,0.94,0.64,0.65,2.23,0.38,2.14,2.265,2.04,False,82.0,86.0,82.0,74.0,79.0,77.0,77.0,78.0,80.0,high,high,high,medium,medium,medium,medium,medium,high
hitter,NYM,SF,Marcus Semien,543760,6.0,2B,Confirmed Lineup,3.61,,,,,1.07,0.27,1.098,1.048,0.282,0.261,0.396,0.351,0.122,0.113,0.37,0.23,0.23,0.84,0.12,0.76,0.741,0.772,False,82.0,86.0,82.0,74.0,79.0,77.0,77.0,78.0,80.0,high,high,high,medium,medium,medium,medium,medium,high
hitter,NYM,SF,Nick Morabito,703492,7.0,LF,Confirmed Lineup,3.91,,,,,0.8,0.31,0.803,0.805,0.31,0.315,1.092,0.905,0.283,0.274,0.99,0.54,0.52,2.05,0.28,1.93,2.034,1.839,False,82.0,86.0,82.0,74.0,79.0,77.0,77.0,78.0,80.0,high,high,high,medium,medium,medium,medium,medium,high
hitter,NYM,SF,A.J. Ewing,805999,8.0,CF,Confirmed Lineup,3.97,,,,,1.25,0.29,1.16,1.34,0.282,0.302,0.407,0.421,0.127,0.133,0.41,0.26,0.23,0.9,0.13,0.86,0.828,0.877,False,82.0,86.0,82.0,74.0,79.0,77.0,77.0,78.0,80.0,high,high,high,medium,medium,medium,medium,medium,high
hitter,NYM,SF,Luis Torrens,620443,9.0,C,Confirmed Lineup,4.1,,,,,0.63,0.3,0.556,0.697,0.31,0.287,1.092,1.073,0.064,0.059,1.08,0.46,0.39,1.93,0.06,1.66,1.734,1.606,False,82.0,86.0,82.0,74.0,79.0,77.0,77.0,78.0,80.0,high,high,high,medium,medium,medium,medium,medium,high
hitter,CHC,MIA,Pete Crow-Armstrong,691718,1.0,CF,Confirmed Lineup,4.34,,,,,1.28,0.63,1.278,1.289,0.657,0.611,0.407,0.426,0.07,0.065,0.42,0.33,0.18,0.93,0.07,0.83,0.878,0.795,False,96.0,99.0,96.0,88.0,93.0,91.0,91.0,92.0,94.0,high,high,high,high,high,high,high,high,high
hitter,CHC,MIA,Seiya Suzuki,673548,2.0,RF,Confirmed Lineup,4.34,,,,,1.2,0.63,1.278,1.119,0.657,0.613,0.472,0.442,0.054,0.077,0.46,0.34,0.19,0.99,0.07,0.79,0.788,0.794,False,96.0,99.0,96.0,88.0,93.0,91.0,91.0,92.0,94.0,high,high,high,high,high,high,high,high,high
hitter,CHC,MIA,Michael Busch,683737,3.0,1B,Confirmed Lineup,4.21,,,,,1.15,0.61,1.16,1.14,0.657,0.556,0.537,0.517,0.059,0.066,0.53,0.36,0.24,1.13,0.06,0.81,0.813,0.804,False,96.0,99.0,96.0,88.0,93.0,91.0,91.0,92.0,94.0,high,high,high,high,high,high,high,high,high
hitter,CHC,MIA,Alex Bregman,608324,4.0,3B,Confirmed Lineup,4.04,,,,,0.78,0.41,0.803,0.762,0.424,0.387,0.472,0.443,0.049,0.035,0.46,0.28,0.2,0.94,0.04,0.71,0.782,0.65,False,96.0,99.0,96.0,88.0,93.0,91.0,91.0,92.0,94.0,high,high,high,high,high,high,high,high,high
hitter,CHC,MIA,Michael Conforto,624424,5.0,DH,Confirmed Lineup,2.89,,,,,0.92,0.28,0.813,1.029,0.31,0.257,0.262,0.193,0.031,0.036,0.22,0.16,0.11,0.5,0.03,0.35,0.425,0.296,False,96.0,99.0,96.0,88.0,93.0,91.0,91.0,92.0,94.0,high,high,high,high,high,high,high,high,high
hitter,CHC,MIA,Nico Hoerner,663538,6.0,SS,Confirmed Lineup,4.1,,,,,0.47,0.33,0.48,0.457,0.331,0.325,0.715,0.746,0.031,0.036,0.73,0.33,0.3,1.35,0.03,0.99,1.028,0.967,False,96.0,99.0,96.0,88.0,93.0,91.0,91.0,92.0,94.0,high,high,high,high,high,high,high,high,high
hitter,CHC,MIA,Pedro Ramírez,699393,7.0,2B,Confirmed Lineup,3.91,,,,,0.81,0.41,0.78,0.836,0.409,0.407,0.407,0.443,0.037,0.04,0.43,0.24,0.17,0.83,0.04,0.7,0.727,0.684,False,96.0,99.0,96.0,88.0,93.0,91.0,91.0,92.0,94.0,high,high,high,high,high,high,high,high,high
hitter,CHC,MIA,Carson Kelly,608348,8.0,C,Confirmed Lineup,3.91,,,,,0.74,0.43,0.78,0.707,0.424,0.44,0.472,0.424,0.037,0.043,0.45,0.25,0.17,0.87,0.04,0.63,0.645,0.609,False,96.0,99.0,96.0,88.0,93.0,91.0,91.0,92.0,94.0,high,high,high,high,high,high,high,high,high
hitter,CHC,MIA,Tyrone Taylor,621438,9.0,LF,Confirmed Lineup,2.89,,,,,0.69,0.25,0.72,0.666,0.282,0.227,0.396,0.311,0.043,0.049,0.35,0.19,0.15,0.68,0.05,0.6,0.642,0.566,False,96.0,99.0,96.0,88.0,93.0,91.0,91.0,92.0,94.0,high,high,high,high,high,high,high,high,high
hitter,MIA,CHC,Kyle Stowers,669065,1.0,DH,Confirmed Lineup,4.04,,,,,1.59,0.38,1.497,1.682,0.386,0.371,0.715,0.789,0.062,0.087,0.76,0.42,0.3,1.47,0.07,1.2,1.179,1.225,False,96.0,99.0,96.0,88.0,93.0,91.0,91.0,92.0,94.0,high,high,high,high,high,high,high,high,high
hitter,MIA,CHC,Griffin Conine,665052,2.0,1B,Confirmed Lineup,3.72,,,,,1.5,0.37,1.478,1.526,0.386,0.36,0.715,0.681,0.047,0.061,0.7,0.38,0.26,1.34,0.05,1.09,1.123,1.054,False,96.0,99.0,96.0,88.0,93.0,91.0,91.0,92.0,94.0,high,high,high,high,high,high,high,high,high
hitter,MIA,CHC,Owen Caissie,683357,3.0,RF,Confirmed Lineup,3.71,,,,,1.55,0.26,1.478,1.614,0.228,0.284,0.699,0.648,0.035,0.06,0.67,0.34,0.28,1.3,0.05,1.01,0.986,1.024,False,96.0,99.0,96.0,88.0,93.0,91.0,91.0,92.0,94.0,high,high,high,high,high,high,high,high,high
hitter,MIA,CHC,Jakob Marsee,805300,4.0,CF,Confirmed Lineup,4.16,,,,,1.23,0.44,1.278,1.177,0.424,0.451,0.857,0.86,0.04,0.047,0.86,0.45,0.35,1.66,0.04,1.26,1.218,1.298,False,96.0,99.0,96.0,88.0,93.0,91.0,91.0,92.0,94.0,high,high,high,high,high,high,high,high,high
hitter,MIA,CHC,Heriberto Hernández,681715,5.0,LF,Confirmed Lineup,4.16,,,,,1.56,0.37,1.497,1.623,0.386,0.355,0.772,0.812,0.056,0.067,0.79,0.42,0.34,1.56,0.06,1.16,1.128,1.178,False,96.0,99.0,96.0,88.0,93.0,91.0,91.0,92.0,94.0,high,high,high,high,high,high,high,high,high
hitter,MIA,CHC,Joe Mack,691788,6.0,C,Confirmed Lineup,3.19,,,,,1.18,0.2,1.267,1.097,0.211,0.185,0.699,0.584,0.029,0.029,0.64,0.27,0.26,1.16,0.03,0.96,1.048,0.88,False,96.0,99.0,96.0,88.0,93.0,91.0,91.0,92.0,94.0,high,high,high,high,high,high,high,high,high
hitter,MIA,CHC,Otto Lopez,672640,7.0,SS,Confirmed Lineup,4.5,,,,,0.8,0.23,0.803,0.79,0.228,0.239,1.213,1.188,0.037,0.033,1.2,0.48,0.41,2.09,0.04,1.65,1.641,1.66,False,96.0,99.0,96.0,88.0,93.0,91.0,91.0,92.0,94.0,high,high,high,high,high,high,high,high,high
hitter,MIA,CHC,Graham Pauley,688363,8.0,3B,Confirmed Lineup,3.61,,,,,1.05,0.24,1.011,1.084,0.228,0.26,0.816,0.769,0.028,0.034,0.79,0.33,0.28,1.4,0.03,1.02,1.054,0.994,False,96.0,99.0,96.0,88.0,93.0,91.0,91.0,92.0,94.0,high,high,high,high,high,high,high,high,high
hitter,MIA,CHC,Javier Sanoja,691594,9.0,2B,Confirmed Lineup,3.91,,,,,0.54,0.21,0.519,0.555,0.228,0.202,0.857,0.857,0.024,0.022,0.86,0.35,0.29,1.5,0.02,1.19,1.226,1.161,False,96.0,99.0,96.0,88.0,93.0,91.0,91.0,92.0,94.0,high,high,high,high,high,high,high,high,high
hitter,TOR,KC,Brett Bateman,703520,1.0,CF,Confirmed Lineup,4.61,,,,,0.94,0.32,0.949,0.941,0.31,0.321,1.092,1.141,0.109,0.111,1.12,0.57,0.44,2.13,0.11,1.7,1.641,1.751,False,96.0,99.0,96.0,88.0,93.0,91.0,91.0,92.0,94.0,high,high,high,high,high,high,high,high,high
hitter,TOR,KC,Nathan Lukes,664770,2.0,RF,Confirmed Lineup,3.97,,,,,0.62,0.17,0.617,0.632,0.18,0.161,0.968,0.941,0.129,0.124,0.95,0.49,0.4,1.84,0.13,1.48,1.46,1.489,False,96.0,99.0,96.0,88.0,93.0,91.0,91.0,92.0,94.0,high,high,high,high,high,high,high,high,high
hitter,TOR,KC,Vladimir Guerrero Jr.,665489,3.0,DH,Confirmed Lineup,4.34,,,,,0.55,0.3,0.532,0.571,0.31,0.291,1.125,1.125,0.287,0.368,1.12,0.69,0.68,2.5,0.33,2.43,2.529,2.356,False,96.0,99.0,96.0,88.0,93.0,91.0,91.0,92.0,94.0,high,high,high,high,high,high,high,high,high
hitter,TOR,KC,Jesús Sánchez,660821,4.0,LF,Confirmed Lineup,2.89,,,,,0.75,0.15,0.72,0.77,0.172,0.132,0.699,0.521,0.144,0.109,0.6,0.34,0.32,1.27,0.13,1.11,1.239,1.006,False,96.0,99.0,96.0,88.0,93.0,91.0,91.0,92.0,94.0,high,high,high,high,high,high,high,high,high
hitter,TOR,KC,Kazuma Okamoto,672960,5.0,3B,Confirmed Lineup,4.16,,,,,1.25,0.36,1.16,1.338,0.331,0.38,0.968,0.945,0.412,0.379,0.96,0.68,0.67,2.3,0.4,2.28,2.351,2.225,False,96.0,99.0,96.0,88.0,93.0,91.0,91.0,92.0,94.0,high,high,high,high,high,high,high,high,high
hitter,TOR,KC,Sean Keys,815873,6.0,1B,Confirmed Lineup,3.11,,,,,0.92,0.17,0.949,0.893,0.18,0.164,0.699,0.606,0.215,0.18,0.65,0.35,0.4,1.4,0.2,1.33,1.391,1.272,False,96.0,99.0,96.0,88.0,93.0,91.0,91.0,92.0,94.0,high,high,high,high,high,high,high,high,high
hitter,TOR,KC,Josh Smith,669701,7.0,2B,Confirmed Lineup,3.19,,,,,0.8,0.26,0.803,0.795,0.282,0.233,0.772,0.653,0.131,0.105,0.71,0.35,0.31,1.37,0.12,1.28,1.391,1.185,False,96.0,99.0,96.0,88.0,93.0,91.0,91.0,92.0,94.0,high,high,high,high,high,high,high,high,high
hitter,TOR,KC,Andrés Giménez,665926,8.0,SS,Confirmed Lineup,3.61,,,,,0.68,0.16,0.69,0.672,0.172,0.143,0.857,0.82,0.125,0.107,0.84,0.38,0.35,1.57,0.12,1.38,1.375,1.387,False,96.0,99.0,96.0,88.0,93.0,91.0,91.0,92.0,94.0,high,high,high,high,high,high,high,high,high
hitter,TOR,KC,Brandon Valenzuela,678218,9.0,C,Confirmed Lineup,3.71,,,,,1.03,0.24,1.011,1.056,0.228,0.243,0.772,0.746,0.183,0.21,0.76,0.4,0.38,1.55,0.2,1.51,1.565,1.468,False,96.0,99.0,96.0,88.0,93.0,91.0,91.0,92.0,94.0,high,high,high,high,high,high,high,high,high
hitter,KC,TOR,John Rave,670231,1.0,RF,Confirmed Lineup,3.97,,,,,0.8,0.33,0.803,0.806,0.321,0.331,0.857,0.816,0.15,0.143,0.83,0.48,0.37,1.69,0.15,1.46,1.541,1.396,False,96.0,99.0,96.0,88.0,93.0,91.0,91.0,92.0,94.0,high,high,high,high,high,high,high,high,high
hitter,KC,TOR,Bobby Witt Jr.,677951,2.0,SS,Confirmed Lineup,4.5,,,,,0.76,0.44,0.803,0.726,0.424,0.464,1.092,1.066,0.229,0.248,1.08,0.65,0.52,2.25,0.24,2.09,2.116,2.07,False,96.0,99.0,96.0,88.0,93.0,91.0,91.0,92.0,94.0,high,high,high,high,high,high,high,high,high
hitter,KC,TOR,Vinnie Pasquantino,686469,3.0,1B,Confirmed Lineup,4.4,,,,,0.65,0.46,0.69,0.618,0.438,0.475,1.092,1.074,0.221,0.207,1.08,0.64,0.57,2.29,0.21,1.96,2.002,1.929,False,96.0,99.0,96.0,88.0,93.0,91.0,91.0,92.0,94.0,high,high,high,high,high,high,high,high,high
hitter,KC,TOR,Salvador Perez,521692,4.0,DH,Confirmed Lineup,4.16,,,,,0.77,0.24,0.803,0.731,0.228,0.247,1.092,0.989,0.173,0.165,1.04,0.56,0.52,2.11,0.17,1.76,1.807,1.721,False,96.0,99.0,96.0,88.0,93.0,91.0,91.0,92.0,94.0,high,high,high,high,high,high,high,high,high
hitter,KC,TOR,Josh Rojas,668942,5.0,3B,Confirmed Lineup,3.19,,,,,0.6,0.21,0.617,0.585,0.228,0.202,0.699,0.58,0.089,0.086,0.63,0.34,0.3,1.28,0.09,1.03,1.122,0.963,False,96.0,99.0,96.0,88.0,93.0,91.0,91.0,92.0,94.0,high,high,high,high,high,high,high,high,high
hitter,KC,TOR,Nick Loftin,679845,6.0,2B,Confirmed Lineup,3.91,,,,,0.66,0.36,0.69,0.633,0.386,0.328,0.857,0.843,0.103,0.103,0.85,0.41,0.4,1.65,0.1,1.31,1.303,1.324,False,96.0,99.0,96.0,88.0,93.0,91.0,91.0,92.0,94.0,high,high,high,high,high,high,high,high,high
hitter,KC,TOR,Isaac Collins,686555,7.0,LF,Confirmed Lineup,3.97,,,,,0.82,0.39,0.813,0.831,0.386,0.392,0.968,0.886,0.118,0.114,0.92,0.45,0.38,1.75,0.12,1.51,1.612,1.42,False,96.0,99.0,96.0,88.0,93.0,91.0,91.0,92.0,94.0,high,high,high,high,high,high,high,high,high
hitter,KC,TOR,Luke Maile,571912,8.0,C,Confirmed Lineup,2.19,,,,,0.7,0.11,0.72,0.686,0.127,0.096,0.262,0.248,0.078,0.055,0.25,0.14,0.13,0.52,0.07,0.5,0.565,0.45,False,96.0,99.0,96.0,88.0,93.0,91.0,91.0,92.0,94.0,high,high,high,high,high,high,high,high,high
hitter,KC,TOR,Kyle Isbel,664728,9.0,CF,Confirmed Lineup,3.48,,,,,0.71,0.19,0.693,0.72,0.211,0.173,0.816,0.739,0.11,0.113,0.77,0.36,0.33,1.46,0.11,1.26,1.353,1.182,False,96.0,99.0,96.0,88.0,93.0,91.0,91.0,92.0,94.0,high,high,high,high,high,high,high,high,high
hitter,TB,TEX,Yandy Díaz,650490,1.0,DH,Confirmed Lineup,4.61,,,,,0.65,0.67,0.617,0.675,0.657,0.684,0.857,0.916,0.046,0.039,0.89,0.51,0.32,1.71,0.04,1.39,1.381,1.403,False,96.0,99.0,96.0,88.0,93.0,91.0,91.0,92.0,94.0,high,high,high,high,high,high,high,high,high
hitter,TB,TEX,Jonathan Aranda,666018,2.0,1B,Confirmed Lineup,4.61,,,,,1.0,0.57,0.949,1.043,0.572,0.565,0.857,0.937,0.048,0.058,0.9,0.5,0.33,1.73,0.05,1.41,1.395,1.414,False,96.0,99.0,96.0,88.0,93.0,91.0,91.0,92.0,94.0,high,high,high,high,high,high,high,high,high
hitter,TB,TEX,Junior Caminero,691406,3.0,3B,Confirmed Lineup,4.61,,,,,0.82,0.65,0.813,0.821,0.657,0.643,0.968,0.961,0.059,0.073,0.96,0.55,0.41,1.92,0.07,1.52,1.594,1.457,False,96.0,99.0,96.0,88.0,93.0,91.0,91.0,92.0,94.0,high,high,high,high,high,high,high,high,high
hitter,TB,TEX,Ryan Vilade,668723,4.0,2B,Confirmed Lineup,2.19,,,,,0.66,0.18,0.69,0.636,0.211,0.154,0.262,0.225,0.025,0.017,0.24,0.14,0.11,0.49,0.02,0.41,0.465,0.363,False,96.0,99.0,96.0,88.0,93.0,91.0,91.0,92.0,94.0,high,high,high,high,high,high,high,high,high
hitter,TB,TEX,Chandler Simpson,802415,5.0,LF,Confirmed Lineup,4.5,,,,,0.33,0.33,0.295,0.36,0.31,0.347,1.125,1.144,0.013,0.0,1.14,0.52,0.42,2.08,0.01,1.36,1.352,1.366,False,96.0,99.0,96.0,88.0,93.0,91.0,91.0,92.0,94.0,high,high,high,high,high,high,high,high,high
hitter,TB,TEX,Jonny DeLuca,676356,6.0,CF,Confirmed Lineup,3.61,,,,,0.69,0.28,0.69,0.685,0.307,0.247,0.715,0.63,0.031,0.021,0.67,0.29,0.27,1.23,0.03,1.0,1.018,0.983,False,96.0,99.0,96.0,88.0,93.0,91.0,91.0,92.0,94.0,high,high,high,high,high,high,high,high,high
hitter,TB,TEX,Jorge Mateo,622761,7.0,SS,Confirmed Lineup,2.19,,,,,0.6,0.19,0.617,0.586,0.228,0.155,0.262,0.242,0.016,0.0,0.25,0.12,0.09,0.46,0.01,0.42,0.48,0.362,False,96.0,99.0,96.0,88.0,93.0,91.0,91.0,92.0,94.0,high,high,high,high,high,high,high,high,high
hitter,TB,TEX,Victor Mesa Jr.,683748,8.0,RF,Confirmed Lineup,3.71,,,,,0.76,0.34,0.693,0.822,0.321,0.368,0.68,0.624,0.037,0.035,0.65,0.3,0.24,1.19,0.04,0.96,0.974,0.947,False,96.0,99.0,96.0,88.0,93.0,91.0,91.0,92.0,94.0,high,high,high,high,high,high,high,high,high
hitter,TB,TEX,Nick Fortes,663743,9.0,C,Confirmed Lineup,3.19,,,,,0.4,0.2,0.375,0.42,0.228,0.176,0.699,0.589,0.03,0.025,0.64,0.27,0.23,1.14,0.03,0.94,1.025,0.869,False,96.0,99.0,96.0,88.0,93.0,91.0,91.0,92.0,94.0,high,high,high,high,high,high,high,high,high
hitter,TEX,TB,Ezequiel Duran,677649,1.0,CF,Confirmed Lineup,3.97,,,,,1.51,0.09,1.497,1.527,0.093,0.077,0.968,0.895,0.171,0.148,0.93,0.48,0.41,1.82,0.16,1.57,1.588,1.552,False,96.0,99.0,96.0,88.0,93.0,91.0,91.0,92.0,94.0,high,high,high,high,high,high,high,high,high
hitter,TEX,TB,Corey Seager,608369,2.0,SS,Confirmed Lineup,4.34,,,,,1.61,0.14,1.497,1.713,0.127,0.156,0.968,0.976,0.227,0.212,0.97,0.54,0.47,1.98,0.22,1.89,1.907,1.884,False,96.0,99.0,96.0,88.0,93.0,91.0,91.0,92.0,94.0,high,high,high,high,high,high,high,high,high
hitter,TEX,TB,Justin Foscue,679822,3.0,2B,Confirmed Lineup,3.29,,,,,1.38,0.05,1.278,1.491,0.021,0.073,0.699,0.546,0.117,0.105,0.62,0.32,0.32,1.25,0.11,1.07,1.113,1.028,False,96.0,99.0,96.0,88.0,93.0,91.0,91.0,92.0,94.0,high,high,high,high,high,high,high,high,high
hitter,TEX,TB,Brandon Nimmo,607043,4.0,RF,Confirmed Lineup,3.97,,,,,1.47,0.09,1.478,1.46,0.093,0.086,0.857,0.914,0.188,0.164,0.89,0.47,0.47,1.83,0.18,1.73,1.805,1.667,False,96.0,99.0,96.0,88.0,93.0,91.0,91.0,92.0,94.0,high,high,high,high,high,high,high,high,high
hitter,TEX,TB,Wyatt Langford,694671,5.0,LF,Confirmed Lineup,4.34,,,,,1.52,0.11,1.497,1.547,0.127,0.084,0.968,0.972,0.205,0.192,0.97,0.52,0.52,2.01,0.2,1.72,1.74,1.696,False,96.0,99.0,96.0,88.0,93.0,91.0,91.0,92.0,94.0,high,high,high,high,high,high,high,high,high
hitter,TEX,TB,Jake Burger,669394,6.0,1B,Confirmed Lineup,3.71,,,,,1.56,0.07,1.497,1.618,0.093,0.053,0.772,0.721,0.189,0.182,0.74,0.37,0.42,1.53,0.19,1.42,1.466,1.381,False,96.0,99.0,96.0,88.0,93.0,91.0,91.0,92.0,94.0,high,high,high,high,high,high,high,high,high
hitter,TEX,TB,Logan O'Hoppe,681351,7.0,DH,Confirmed Lineup,2.19,,,,,0.97,0.0,1.011,0.931,0.0,0.0,0.396,0.313,0.067,0.037,0.35,0.15,0.15,0.65,0.05,0.57,0.617,0.526,False,96.0,99.0,96.0,88.0,93.0,91.0,91.0,92.0,94.0,high,high,high,high,high,high,high,high,high
hitter,TEX,TB,Elias Díaz,553869,8.0,C,Confirmed Lineup,3.19,,,,,1.28,0.02,1.278,1.285,0.021,0.022,0.699,0.579,0.121,0.106,0.63,0.28,0.29,1.2,0.11,1.03,1.108,0.962,False,96.0,99.0,96.0,88.0,93.0,91.0,91.0,92.0,94.0,high,high,high,high,high,high,high,high,high
hitter,TEX,TB,Cody Freeman,683227,9.0,3B,Confirmed Lineup,3.19,,,,,1.0,0.07,0.949,1.055,0.093,0.041,0.68,0.583,0.063,0.047,0.63,0.26,0.24,1.13,0.05,0.93,0.991,0.876,False,96.0,99.0,96.0,88.0,93.0,91.0,91.0,92.0,94.0,high,high,high,high,high,high,high,high,high
hitter,STL,COL,Bryan Torres,663494,1.0,2B,Confirmed Lineup,2.89,,,,,0.62,0.15,0.617,0.618,0.172,0.137,0.472,0.387,0.023,0.017,0.43,0.21,0.15,0.79,0.02,0.6,0.677,0.542,False,96.0,99.0,96.0,88.0,93.0,91.0,91.0,92.0,94.0,high,high,high,high,high,high,high,high,high
hitter,STL,COL,Iván Herrera,671056,2.0,DH,Confirmed Lineup,4.07,,,,,0.67,0.32,0.72,0.629,0.321,0.318,0.816,0.765,0.061,0.049,0.79,0.41,0.29,1.49,0.06,1.14,1.226,1.068,False,96.0,99.0,96.0,88.0,93.0,91.0,91.0,92.0,94.0,high,high,high,high,high,high,high,high,high
hitter,STL,COL,Alec Burleson,676475,3.0,1B,Confirmed Lineup,4.07,,,,,0.68,0.21,0.693,0.664,0.228,0.196,0.857,0.765,0.049,0.053,0.81,0.39,0.34,1.53,0.05,1.16,1.222,1.11,False,96.0,99.0,96.0,88.0,93.0,91.0,91.0,92.0,94.0,high,high,high,high,high,high,high,high,high
hitter,STL,COL,Jordan Walker,691023,4.0,RF,Confirmed Lineup,4.1,,,,,0.93,0.29,0.949,0.92,0.282,0.292,0.816,0.747,0.065,0.054,0.78,0.4,0.33,1.51,0.06,1.17,1.186,1.16,False,96.0,99.0,96.0,88.0,93.0,91.0,91.0,92.0,94.0,high,high,high,high,high,high,high,high,high
hitter,STL,COL,Leo Bernal,699024,5.0,C,Confirmed Lineup,3.91,,,,,0.74,0.35,0.72,0.758,0.386,0.308,0.857,0.771,0.055,0.041,0.81,0.42,0.34,1.56,0.05,1.1,1.042,1.152,False,96.0,99.0,96.0,88.0,93.0,91.0,91.0,92.0,94.0,high,high,high,high,high,high,high,high,high
hitter,STL,COL,Joshua Báez,695491,6.0,LF,Confirmed Lineup,3.48,,,,,0.99,0.24,0.949,1.032,0.228,0.249,0.619,0.558,0.068,0.084,0.59,0.28,0.28,1.14,0.08,1.01,1.104,0.931,False,96.0,99.0,96.0,88.0,93.0,91.0,91.0,92.0,94.0,high,high,high,high,high,high,high,high,high
hitter,STL,COL,Nolan Gorman,669357,7.0,3B,Confirmed Lineup,2.89,,,,,0.9,0.21,0.949,0.849,0.228,0.187,0.407,0.421,0.051,0.055,0.41,0.21,0.17,0.79,0.05,0.71,0.826,0.623,False,96.0,99.0,96.0,88.0,93.0,91.0,91.0,92.0,94.0,high,high,high,high,high,high,high,high,high
hitter,STL,COL,Thomas Saggese,695336,8.0,SS,Confirmed Lineup,2.89,,,,,0.82,0.2,0.813,0.824,0.228,0.167,0.472,0.378,0.04,0.029,0.42,0.2,0.16,0.78,0.03,0.63,0.704,0.576,False,96.0,99.0,96.0,88.0,93.0,91.0,91.0,92.0,94.0,high,high,high,high,high,high,high,high,high
hitter,STL,COL,Nathan Church,701675,9.0,CF,Confirmed Lineup,3.61,,,,,0.5,0.16,0.519,0.49,0.18,0.142,0.715,0.696,0.034,0.042,0.7,0.29,0.25,1.25,0.04,1.03,1.047,1.013,False,96.0,99.0,96.0,88.0,93.0,91.0,91.0,92.0,94.0,high,high,high,high,high,high,high,high,high
hitter,COL,STL,Jake McCarthy,664983,1.0,LF,Confirmed Lineup,4.74,,,,,0.69,0.2,0.69,0.681,0.228,0.17,1.125,1.304,0.137,0.127,1.22,0.6,0.49,2.32,0.13,2.02,1.902,2.113,False,96.0,99.0,96.0,88.0,93.0,91.0,91.0,92.0,94.0,high,high,high,high,high,high,high,high,high
hitter,COL,STL,Troy Johnston,687859,2.0,RF,Confirmed Lineup,3.72,,,,,0.71,0.24,0.69,0.722,0.238,0.251,1.012,0.843,0.124,0.108,0.92,0.48,0.38,1.78,0.12,1.56,1.756,1.403,False,96.0,99.0,96.0,88.0,93.0,91.0,91.0,92.0,94.0,high,high,high,high,high,high,high,high,high
hitter,COL,STL,Cole Carrigg,694249,3.0,CF,Confirmed Lineup,4.61,,,,,1.08,0.34,1.011,1.156,0.321,0.361,1.213,1.139,0.19,0.167,1.17,0.64,0.58,2.38,0.18,2.11,2.176,2.058,False,96.0,99.0,96.0,88.0,93.0,91.0,91.0,92.0,94.0,high,high,high,high,high,high,high,high,high
hitter,COL,STL,TJ Rumfield,681198,4.0,1B,Confirmed Lineup,4.75,,,,,0.77,0.44,0.69,0.855,0.424,0.451,1.092,1.086,0.155,0.132,1.09,0.6,0.52,2.2,0.14,1.73,1.483,1.939,False,96.0,99.0,96.0,88.0,93.0,91.0,91.0,92.0,94.0,high,high,high,high,high,high,high,high,high
hitter,COL,STL,Mickey Moniak,666160,5.0,DH,Confirmed Lineup,4.5,,,,,1.13,0.23,1.071,1.197,0.228,0.233,1.213,1.098,0.295,0.258,1.15,0.66,0.65,2.46,0.28,2.42,2.664,2.218,False,96.0,99.0,96.0,88.0,93.0,91.0,91.0,92.0,94.0,high,high,high,high,high,high,high,high,high
hitter,COL,STL,Adael Amador,691182,6.0,2B,Confirmed Lineup,4.07,,,,,1.0,0.33,0.813,1.189,0.321,0.34,0.857,0.827,0.137,0.122,0.84,0.41,0.41,1.67,0.13,1.52,1.56,1.493,False,96.0,99.0,96.0,88.0,93.0,91.0,91.0,92.0,94.0,high,high,high,high,high,high,high,high,high
hitter,COL,STL,Brett Sullivan,664954,7.0,C,Confirmed Lineup,2.74,,,,,0.6,0.19,0.617,0.59,0.228,0.156,0.605,0.498,0.174,0.138,0.55,0.3,0.29,1.13,0.16,1.13,1.251,1.033,False,96.0,99.0,96.0,88.0,93.0,91.0,91.0,92.0,94.0,high,high,high,high,high,high,high,high,high
hitter,COL,STL,Vimael Machín,605353,8.0,3B,Confirmed Lineup,2.0,,,,,0.61,0.1,0.617,0.593,0.127,0.071,0.472,0.322,0.151,0.101,0.39,0.22,0.22,0.82,0.13,0.78,0.876,0.697,False,96.0,99.0,96.0,88.0,93.0,91.0,91.0,92.0,94.0,high,high,high,high,high,high,high,high,high
hitter,COL,STL,Ezequiel Tovar,678662,9.0,SS,Confirmed Lineup,3.61,,,,,0.89,0.21,0.813,0.958,0.228,0.201,0.857,0.753,0.162,0.166,0.8,0.4,0.38,1.57,0.16,1.61,1.889,1.385,False,96.0,99.0,96.0,88.0,93.0,91.0,91.0,92.0,94.0,high,high,high,high,high,high,high,high,high
hitter,ATH,SEA,Henry Bolte,703607,1.0,CF,Confirmed Lineup,3.97,,,,,1.3,0.15,1.278,1.327,0.18,0.113,0.772,0.762,0.158,0.143,0.77,0.42,0.35,1.54,0.15,1.35,1.318,1.38,False,96.0,99.0,96.0,88.0,93.0,91.0,91.0,92.0,94.0,high,high,high,high,high,high,high,high,high
hitter,ATH,SEA,Jeff McNeil,643446,2.0,1B,Confirmed Lineup,3.72,,,,,0.49,0.11,0.48,0.496,0.105,0.119,0.857,0.812,0.079,0.089,0.83,0.4,0.33,1.56,0.08,1.29,1.343,1.251,False,96.0,99.0,96.0,88.0,93.0,91.0,91.0,92.0,94.0,high,high,high,high,high,high,high,high,high
hitter,ATH,SEA,Zack Gelof,680869,3.0,3B,Confirmed Lineup,3.97,,,,,1.27,0.19,1.278,1.267,0.18,0.199,0.772,0.731,0.166,0.152,0.75,0.43,0.4,1.58,0.16,1.31,1.309,1.311,False,96.0,99.0,96.0,88.0,93.0,91.0,91.0,92.0,94.0,high,high,high,high,high,high,high,high,high
hitter,ATH,SEA,Lawrence Butler,671732,4.0,RF,Confirmed Lineup,3.72,,,,,1.29,0.21,1.278,1.307,0.211,0.202,0.699,0.644,0.166,0.139,0.67,0.39,0.37,1.43,0.15,1.25,1.29,1.217,False,96.0,99.0,96.0,88.0,93.0,91.0,91.0,92.0,94.0,high,high,high,high,high,high,high,high,high
hitter,ATH,SEA,Carlos Cortes,666126,5.0,LF,Confirmed Lineup,2.95,,,,,0.82,0.12,0.813,0.825,0.127,0.106,0.619,0.482,0.079,0.064,0.54,0.28,0.26,1.08,0.07,0.89,1.012,0.782,False,96.0,99.0,96.0,88.0,93.0,91.0,91.0,92.0,94.0,high,high,high,high,high,high,high,high,high
hitter,ATH,SEA,Max Muncy,691777,6.0,DH,Confirmed Lineup,3.19,,,,,1.29,0.13,1.278,1.309,0.127,0.137,0.571,0.503,0.121,0.11,0.53,0.27,0.29,1.09,0.12,0.99,1.019,0.973,False,96.0,99.0,96.0,88.0,93.0,91.0,91.0,92.0,94.0,high,high,high,high,high,high,high,high,high
hitter,ATH,SEA,Donovan Walton,622268,7.0,2B,Confirmed Lineup,2.89,,,,,0.77,0.13,0.803,0.73,0.127,0.131,0.619,0.469,0.071,0.056,0.54,0.24,0.22,1.0,0.06,0.83,0.956,0.719,False,96.0,99.0,96.0,88.0,93.0,91.0,91.0,92.0,94.0,high,high,high,high,high,high,high,high,high
hitter,ATH,SEA,Alika Williams,675961,8.0,SS,Confirmed Lineup,2.95,,,,,0.84,0.08,0.803,0.877,0.097,0.071,0.619,0.48,0.073,0.063,0.54,0.24,0.22,1.0,0.07,0.81,0.868,0.757,False,96.0,99.0,96.0,88.0,93.0,91.0,91.0,92.0,94.0,high,high,high,high,high,high,high,high,high
hitter,ATH,SEA,Brian Serven,661531,9.0,C,Confirmed Lineup,3.71,,,,,1.14,0.12,1.011,1.262,0.127,0.118,0.715,0.678,0.117,0.102,0.69,0.32,0.3,1.32,0.11,1.18,1.17,1.19,False,96.0,99.0,96.0,88.0,93.0,91.0,91.0,92.0,94.0,high,high,high,high,high,high,high,high,high
hitter,SEA,ATH,Randy Arozarena,668227,1.0,LF,Confirmed Lineup,4.75,,,,,0.85,0.51,0.803,0.903,0.572,0.451,1.092,1.098,0.213,0.224,1.1,0.66,0.51,2.26,0.22,1.93,1.889,1.959,False,96.0,99.0,96.0,88.0,93.0,91.0,91.0,92.0,94.0,high,high,high,high,high,high,high,high,high
hitter,SEA,ATH,Dominic Canzone,686527,2.0,RF,Confirmed Lineup,4.61,,,,,0.75,0.43,0.69,0.815,0.409,0.458,1.012,1.023,0.213,0.22,1.02,0.61,0.48,2.12,0.22,2.01,2.045,1.979,False,96.0,99.0,96.0,88.0,93.0,91.0,91.0,92.0,94.0,high,high,high,high,high,high,high,high,high
hitter,SEA,ATH,Julio Rodríguez,677594,3.0,CF,Confirmed Lineup,4.75,,,,,0.82,0.45,0.803,0.842,0.424,0.485,1.125,1.167,0.244,0.242,1.15,0.68,0.62,2.45,0.24,2.18,2.225,2.148,False,96.0,99.0,96.0,88.0,93.0,91.0,91.0,92.0,94.0,high,high,high,high,high,high,high,high,high
hitter,SEA,ATH,Cal Raleigh,663728,4.0,DH,Confirmed Lineup,4.61,,,,,1.03,0.79,1.011,1.056,0.805,0.779,0.857,1.037,0.311,0.274,0.96,0.7,0.59,2.24,0.29,1.91,1.727,2.054,False,96.0,99.0,96.0,88.0,93.0,91.0,91.0,92.0,94.0,high,high,high,high,high,high,high,high,high
hitter,SEA,ATH,J.P. Crawford,641487,5.0,SS,Confirmed Lineup,4.61,,,,,0.74,0.79,0.693,0.788,0.793,0.788,1.092,1.029,0.139,0.133,1.06,0.65,0.5,2.21,0.14,1.71,1.641,1.759,False,96.0,99.0,96.0,88.0,93.0,91.0,91.0,92.0,94.0,high,high,high,high,high,high,high,high,high
hitter,SEA,ATH,Josh Naylor,647304,6.0,1B,Confirmed Lineup,4.75,,,,,0.34,0.39,0.333,0.338,0.386,0.395,1.213,1.306,0.133,0.134,1.26,0.57,0.57,2.41,0.13,2.09,2.199,2.01,False,96.0,99.0,96.0,88.0,93.0,91.0,91.0,92.0,94.0,high,high,high,high,high,high,high,high,high
hitter,SEA,ATH,Weston Wilson,642215,7.0,3B,Confirmed Lineup,3.91,,,,,0.83,0.4,0.803,0.849,0.409,0.393,0.772,0.788,0.115,0.097,0.78,0.39,0.33,1.5,0.11,1.29,1.32,1.269,False,96.0,99.0,96.0,88.0,93.0,91.0,91.0,92.0,94.0,high,high,high,high,high,high,high,high,high
hitter,SEA,ATH,Michael Arroyo,703197,8.0,2B,Confirmed Lineup,3.97,,,,,0.64,0.32,0.519,0.77,0.321,0.32,0.699,0.721,0.105,0.107,0.71,0.36,0.31,1.37,0.11,1.17,1.107,1.215,True,40.0,44.0,40.0,32.0,37.0,35.0,35.0,36.0,38.0,low,low,low,low,low,low,low,low,low
hitter,SEA,ATH,Jhonny Pereda,640902,9.0,C,Confirmed Lineup,3.71,,,,,0.65,0.3,0.617,0.676,0.31,0.29,0.968,0.786,0.103,0.091,0.87,0.4,0.35,1.62,0.1,1.35,1.478,1.241,False,96.0,99.0,96.0,88.0,93.0,91.0,91.0,92.0,94.0,high,high,high,high,high,high,high,high,high
hitter,NYY,SD,Ben Rice,700250,1.0,DH,Confirmed Lineup,4.34,,,,,1.24,0.52,1.278,1.21,0.572,0.461,0.772,0.746,0.067,0.089,0.76,0.45,0.3,1.5,0.08,1.15,1.158,1.152,False,96.0,99.0,96.0,88.0,93.0,91.0,91.0,92.0,94.0,high,high,high,high,high,high,high,high,high
hitter,NYY,SD,Cody Bellinger,641355,2.0,LF,Confirmed Lineup,4.34,,,,,0.78,0.45,0.813,0.748,0.417,0.479,0.772,0.785,0.039,0.038,0.78,0.42,0.28,1.48,0.04,1.11,1.19,1.042,False,96.0,99.0,96.0,88.0,93.0,91.0,91.0,92.0,94.0,high,high,high,high,high,high,high,high,high
hitter,NYY,SD,Luis García Jr.,671277,3.0,1B,Confirmed Lineup,3.97,,,,,0.84,0.27,0.813,0.871,0.282,0.253,0.772,0.775,0.05,0.055,0.77,0.39,0.33,1.49,0.05,1.16,1.233,1.092,False,96.0,99.0,96.0,88.0,93.0,91.0,91.0,92.0,94.0,high,high,high,high,high,high,high,high,high
hitter,NYY,SD,Spencer Jones,682987,4.0,CF,Confirmed Lineup,3.97,,,,,1.36,0.4,1.278,1.445,0.386,0.415,0.537,0.514,0.05,0.072,0.52,0.32,0.24,1.09,0.06,0.84,0.846,0.828,False,96.0,99.0,96.0,88.0,93.0,91.0,91.0,92.0,94.0,high,high,high,high,high,high,high,high,high
hitter,NYY,SD,Jazz Chisholm Jr.,665862,5.0,2B,Confirmed Lineup,3.72,,,,,1.22,0.4,1.16,1.281,0.409,0.394,0.619,0.547,0.039,0.042,0.58,0.33,0.25,1.16,0.04,0.81,0.885,0.745,False,96.0,99.0,96.0,88.0,93.0,91.0,91.0,92.0,94.0,high,high,high,high,high,high,high,high,high
hitter,NYY,SD,Jasson Domínguez,691176,6.0,RF,Confirmed Lineup,3.97,,,,,0.99,0.24,1.011,0.97,0.228,0.251,0.699,0.694,0.05,0.05,0.7,0.31,0.3,1.3,0.05,1.06,1.123,1.007,False,96.0,99.0,96.0,88.0,93.0,91.0,91.0,92.0,94.0,high,high,high,high,high,high,high,high,high
hitter,NYY,SD,George Lombard Jr.,806146,7.0,SS,Confirmed Lineup,3.97,,,,,1.18,0.32,1.16,1.203,0.331,0.314,0.699,0.642,0.034,0.039,0.67,0.31,0.24,1.22,0.04,0.91,0.945,0.887,False,96.0,99.0,96.0,88.0,93.0,91.0,91.0,92.0,94.0,high,high,high,high,high,high,high,high,high
hitter,NYY,SD,Ryan McMahon,641857,8.0,3B,Confirmed Lineup,3.71,,,,,1.17,0.31,1.098,1.235,0.31,0.311,0.636,0.622,0.039,0.037,0.63,0.29,0.23,1.15,0.04,0.86,0.873,0.854,False,96.0,99.0,96.0,88.0,93.0,91.0,91.0,92.0,94.0,high,high,high,high,high,high,high,high,high
hitter,NYY,SD,Austin Wells,669224,9.0,C,Confirmed Lineup,3.71,,,,,1.09,0.33,1.098,1.092,0.321,0.334,0.494,0.465,0.037,0.035,0.48,0.24,0.18,0.9,0.04,0.72,0.742,0.711,False,96.0,99.0,96.0,88.0,93.0,91.0,91.0,92.0,94.0,high,high,high,high,high,high,high,high,high
hitter,SD,NYY,Fernando Tatis Jr.,665487,1.0,RF,Confirmed Lineup,4.1,,,,,0.86,0.19,0.813,0.912,0.211,0.169,1.213,1.08,0.046,0.042,1.14,0.52,0.4,2.06,0.04,1.56,1.708,1.443,False,96.0,99.0,96.0,88.0,93.0,91.0,91.0,92.0,94.0,high,high,high,high,high,high,high,high,high
hitter,SD,NYY,Jake Cronenworth,630105,2.0,2B,Confirmed Lineup,3.61,,,,,0.9,0.15,0.813,0.992,0.172,0.134,0.857,0.812,0.032,0.034,0.83,0.38,0.29,1.5,0.03,1.14,1.144,1.143,False,96.0,99.0,96.0,88.0,93.0,91.0,91.0,92.0,94.0,high,high,high,high,high,high,high,high,high
hitter,SD,NYY,Manny Machado,592518,3.0,3B,Confirmed Lineup,4.61,,,,,1.05,0.32,1.011,1.088,0.31,0.323,1.25,1.215,0.06,0.082,1.23,0.59,0.51,2.33,0.07,1.83,1.86,1.813,False,96.0,99.0,96.0,88.0,93.0,91.0,91.0,92.0,94.0,high,high,high,high,high,high,high,high,high
hitter,SD,NYY,Ty France,664034,4.0,1B,Confirmed Lineup,4.61,,,,,1.04,0.22,1.011,1.063,0.228,0.208,1.213,1.212,0.064,0.08,1.21,0.57,0.5,2.28,0.07,1.71,1.614,1.793,False,96.0,99.0,96.0,88.0,93.0,91.0,91.0,92.0,94.0,high,high,high,high,high,high,high,high,high
hitter,SD,NYY,Jackson Merrill,701538,5.0,CF,Confirmed Lineup,4.61,,,,,1.07,0.2,1.011,1.122,0.211,0.182,1.213,1.26,0.082,0.113,1.24,0.59,0.53,2.36,0.1,1.9,1.798,1.981,False,96.0,99.0,96.0,88.0,93.0,91.0,91.0,92.0,94.0,high,high,high,high,high,high,high,high,high
hitter,SD,NYY,Luis Campusano,669134,6.0,C,Confirmed Lineup,3.97,,,,,0.93,0.23,0.803,1.063,0.228,0.242,1.012,0.947,0.033,0.033,0.98,0.4,0.39,1.76,0.03,1.31,1.378,1.252,False,96.0,99.0,96.0,88.0,93.0,91.0,91.0,92.0,94.0,high,high,high,high,high,high,high,high,high
hitter,SD,NYY,Dustin Harris,687957,7.0,LF,Confirmed Lineup,3.29,,,,,0.55,0.11,0.532,0.565,0.127,0.088,1.092,0.836,0.021,0.005,0.95,0.36,0.32,1.62,0.01,1.15,1.285,1.031,False,96.0,99.0,96.0,88.0,93.0,91.0,91.0,92.0,94.0,high,high,high,high,high,high,high,high,high
hitter,SD,NYY,Xander Bogaerts,593428,8.0,SS,Confirmed Lineup,4.34,,,,,0.83,0.24,0.813,0.846,0.238,0.249,1.125,1.151,0.05,0.04,1.14,0.46,0.4,2.0,0.04,1.63,1.704,1.567,False,96.0,99.0,96.0,88.0,93.0,91.0,91.0,92.0,94.0,high,high,high,high,high,high,high,high,high
hitter,SD,NYY,Ethan Salas,806956,9.0,DH,Confirmed Lineup,2.25,,,,,0.77,0.11,0.813,0.735,0.127,0.099,0.699,0.443,0.032,0.021,0.56,0.23,0.2,0.98,0.03,0.83,0.981,0.713,False,96.0,99.0,96.0,88.0,93.0,91.0,91.0,92.0,94.0,high,high,high,high,high,high,high,high,high
hitter,MIN,CWS,Luke Keaschall,807712,1.0,RF,Confirmed Lineup,4.61,,,,,0.59,0.24,0.617,0.568,0.228,0.247,1.0,1.215,0.197,0.239,1.12,0.62,0.52,2.25,0.22,2.2,2.18,2.221,False,96.0,99.0,96.0,88.0,93.0,91.0,91.0,92.0,94.0,high,high,high,high,high,high,high,high,high
hitter,MIN,CWS,Brooks Lee,686797,2.0,3B,Confirmed Lineup,4.61,,,,,0.73,0.2,0.803,0.663,0.211,0.198,1.092,1.246,0.304,0.295,1.18,0.68,0.59,2.45,0.3,2.54,2.612,2.486,False,96.0,99.0,96.0,88.0,93.0,91.0,91.0,92.0,94.0,high,high,high,high,high,high,high,high,high
hitter,MIN,CWS,Ryan Jeffers,680777,3.0,C,Confirmed Lineup,3.91,,,,,0.73,0.21,0.72,0.747,0.228,0.183,0.772,0.833,0.271,0.276,0.81,0.52,0.52,1.84,0.27,1.7,1.671,1.717,False,96.0,99.0,96.0,88.0,93.0,91.0,91.0,92.0,94.0,high,high,high,high,high,high,high,high,high
hitter,MIN,CWS,Josh Bell,605137,4.0,DH,Confirmed Lineup,3.97,,,,,0.81,0.2,0.803,0.82,0.228,0.182,0.857,0.939,0.344,0.329,0.9,0.59,0.6,2.1,0.34,2.08,2.112,2.055,False,96.0,99.0,96.0,88.0,93.0,91.0,91.0,92.0,94.0,high,high,high,high,high,high,high,high,high
hitter,MIN,CWS,Kody Clemens,665019,5.0,2B,Confirmed Lineup,4.75,,,,,1.09,0.27,1.098,1.088,0.282,0.258,1.092,1.241,0.459,0.468,1.17,0.79,0.81,2.77,0.46,2.79,2.52,3.018,False,96.0,99.0,96.0,88.0,93.0,91.0,91.0,92.0,94.0,high,high,high,high,high,high,high,high,high
hitter,MIN,CWS,Royce Lewis,668904,6.0,1B,Confirmed Lineup,4.5,,,,,0.96,0.22,0.949,0.962,0.228,0.22,1.012,1.171,0.432,0.385,1.1,0.63,0.73,2.46,0.41,2.48,2.5,2.47,False,96.0,99.0,96.0,88.0,93.0,91.0,91.0,92.0,94.0,high,high,high,high,high,high,high,high,high
hitter,MIN,CWS,Trevor Larnach,663616,7.0,LF,Confirmed Lineup,2.68,,,,,0.58,0.14,0.617,0.543,0.18,0.107,0.556,0.461,0.179,0.118,0.5,0.28,0.27,1.05,0.15,1.11,1.134,1.088,False,96.0,99.0,96.0,88.0,93.0,91.0,91.0,92.0,94.0,high,high,high,high,high,high,high,high,high
hitter,MIN,CWS,Kaelen Culpepper,701785,8.0,SS,Confirmed Lineup,4.61,,,,,0.89,0.21,0.949,0.839,0.228,0.197,1.092,1.263,0.269,0.256,1.19,0.58,0.57,2.34,0.26,2.38,2.413,2.355,False,96.0,99.0,96.0,88.0,93.0,91.0,91.0,92.0,94.0,high,high,high,high,high,high,high,high,high
hitter,MIN,CWS,Walker Jenkins,805805,9.0,CF,Confirmed Lineup,4.34,,,,,0.88,0.32,0.949,0.807,0.321,0.313,0.968,1.077,0.306,0.288,1.03,0.56,0.54,2.13,0.3,2.23,2.153,2.292,False,96.0,99.0,96.0,88.0,93.0,91.0,91.0,92.0,94.0,high,high,high,high,high,high,high,high,high
hitter,CWS,MIN,Sam Antonacci,803011,1.0,LF,Confirmed Lineup,3.91,,,,,0.69,0.38,0.69,0.681,0.386,0.37,0.605,0.529,0.033,0.019,0.56,0.31,0.2,1.08,0.03,0.74,0.779,0.702,False,96.0,99.0,96.0,88.0,93.0,91.0,91.0,92.0,94.0,high,high,high,high,high,high,high,high,high
hitter,CWS,MIN,Miguel Vargas,678246,2.0,3B,Confirmed Lineup,4.04,,,,,0.96,0.47,0.949,0.969,0.5,0.438,0.605,0.509,0.057,0.062,0.55,0.34,0.22,1.12,0.06,0.87,0.941,0.816,False,96.0,99.0,96.0,88.0,93.0,91.0,91.0,92.0,94.0,high,high,high,high,high,high,high,high,high
hitter,CWS,MIN,Munetaka Murakami,808959,3.0,1B,Confirmed Lineup,4.34,,,,,1.46,0.77,1.478,1.442,0.805,0.726,0.605,0.595,0.091,0.169,0.6,0.46,0.33,1.38,0.13,1.28,1.209,1.33,False,96.0,99.0,96.0,88.0,93.0,91.0,91.0,92.0,94.0,high,high,high,high,high,high,high,high,high
hitter,CWS,MIN,Andrew Benintendi,643217,4.0,DH,Confirmed Lineup,2.95,,,,,0.9,0.26,0.949,0.855,0.282,0.235,0.396,0.334,0.043,0.042,0.36,0.22,0.17,0.75,0.04,0.62,0.674,0.584,False,96.0,99.0,96.0,88.0,93.0,91.0,91.0,92.0,94.0,high,high,high,high,high,high,high,high,high
hitter,CWS,MIN,Colson Montgomery,695657,5.0,SS,Confirmed Lineup,4.24,,,,,1.49,0.45,1.478,1.493,0.424,0.478,0.571,0.481,0.08,0.095,0.52,0.34,0.26,1.13,0.09,0.96,0.862,1.036,False,96.0,99.0,96.0,88.0,93.0,91.0,91.0,92.0,94.0,high,high,high,high,high,high,high,high,high
hitter,CWS,MIN,Braden Montgomery,695731,6.0,RF,Confirmed Lineup,4.1,,,,,0.93,0.43,0.949,0.906,0.424,0.441,0.68,0.617,0.042,0.052,0.65,0.32,0.27,1.24,0.05,0.94,1.019,0.874,False,96.0,99.0,96.0,88.0,93.0,91.0,91.0,92.0,94.0,high,high,high,high,high,high,high,high,high
hitter,CWS,MIN,Tristan Peters,671976,7.0,CF,Confirmed Lineup,3.02,,,,,0.7,0.28,0.72,0.673,0.307,0.245,0.407,0.354,0.035,0.041,0.38,0.2,0.15,0.72,0.04,0.61,0.664,0.569,False,96.0,99.0,96.0,88.0,93.0,91.0,91.0,92.0,94.0,high,high,high,high,high,high,high,high,high
hitter,CWS,MIN,Chase Meidroth,805367,8.0,2B,Confirmed Lineup,3.91,,,,,0.92,0.31,0.949,0.901,0.31,0.314,0.619,0.557,0.038,0.042,0.59,0.28,0.22,1.08,0.04,0.83,0.856,0.801,False,96.0,99.0,96.0,88.0,93.0,91.0,91.0,92.0,94.0,high,high,high,high,high,high,high,high,high
hitter,CWS,MIN,Kyle Teel,691019,9.0,C,Confirmed Lineup,3.02,,,,,1.07,0.23,1.098,1.037,0.228,0.235,0.396,0.339,0.056,0.057,0.36,0.19,0.16,0.72,0.06,0.6,0.692,0.533,False,96.0,99.0,96.0,88.0,93.0,91.0,91.0,92.0,94.0,high,high,high,high,high,high,high,high,high
hitter,WSH,LAD,James Wood,695578,1.0,DH,Expected Lineup,4.16,,,,,1.45,0.4,1.478,1.422,0.386,0.42,0.772,0.755,0.444,0.403,0.76,0.63,0.55,1.94,0.42,2.07,2.126,2.026,False,88.0,92.0,88.0,80.0,85.0,83.0,83.0,84.0,86.0,high,high,high,high,high,high,high,high,high
hitter,WSH,LAD,Abimelec Ortiz,694673,2.0,1B,Expected Lineup,3.02,,,,,0.9,0.11,0.949,0.86,0.127,0.101,0.519,0.445,0.27,0.214,0.48,0.35,0.33,1.16,0.24,1.25,1.267,1.231,False,88.0,92.0,88.0,80.0,85.0,83.0,83.0,84.0,86.0,high,high,high,high,high,high,high,high,high
hitter,WSH,LAD,CJ Abrams,682928,3.0,2B,Expected Lineup,4.1,,,,,1.22,0.2,1.278,1.172,0.211,0.181,0.715,0.665,0.355,0.323,0.69,0.51,0.53,1.72,0.34,1.62,1.506,1.711,False,88.0,92.0,88.0,80.0,85.0,83.0,83.0,84.0,86.0,high,high,high,high,high,high,high,high,high
hitter,WSH,LAD,Daylen Lile,695734,4.0,LF,Expected Lineup,4.04,,,,,1.0,0.18,1.011,0.995,0.18,0.175,0.772,0.812,0.26,0.235,0.79,0.49,0.49,1.78,0.25,1.64,1.521,1.743,False,88.0,92.0,88.0,80.0,85.0,83.0,83.0,84.0,86.0,high,high,high,high,high,high,high,high,high
hitter,WSH,LAD,Dylan Crews,686611,5.0,RF,Expected Lineup,4.04,,,,,1.15,0.18,1.16,1.134,0.18,0.189,0.715,0.706,0.226,0.207,0.71,0.44,0.44,1.59,0.22,1.46,1.481,1.446,False,88.0,92.0,88.0,80.0,85.0,83.0,83.0,84.0,86.0,high,high,high,high,high,high,high,high,high
hitter,WSH,LAD,Keibert Ruiz,660688,6.0,C,Expected Lineup,3.19,,,,,0.47,0.09,0.48,0.462,0.093,0.084,0.619,0.557,0.139,0.124,0.58,0.29,0.32,1.19,0.13,1.12,1.193,1.067,False,88.0,92.0,88.0,80.0,85.0,83.0,83.0,84.0,86.0,high,high,high,high,high,high,high,high,high
hitter,WSH,LAD,Brady House,691781,7.0,3B,Expected Lineup,3.61,,,,,1.1,0.16,1.098,1.102,0.172,0.139,0.699,0.638,0.251,0.218,0.67,0.38,0.38,1.42,0.23,1.34,1.322,1.354,False,88.0,92.0,88.0,80.0,85.0,83.0,83.0,84.0,86.0,high,high,high,high,high,high,high,high,high
hitter,WSH,LAD,Jacob Young,696285,8.0,CF,Expected Lineup,2.25,,,,,0.61,0.1,0.69,0.533,0.127,0.064,0.396,0.273,0.121,0.085,0.33,0.18,0.18,0.69,0.1,0.64,0.758,0.535,False,88.0,92.0,88.0,80.0,85.0,83.0,83.0,84.0,86.0,high,high,high,high,high,high,high,high,high
hitter,WSH,LAD,Nasim Nuñez,683083,9.0,SS,Expected Lineup,2.68,,,,,0.69,0.1,0.693,0.693,0.105,0.093,0.396,0.346,0.092,0.08,0.37,0.19,0.18,0.74,0.09,0.6,0.632,0.575,False,88.0,92.0,88.0,80.0,85.0,83.0,83.0,84.0,86.0,high,high,high,high,high,high,high,high,high
hitter,LAD,WSH,Tommy Edman,669242,1.0,CF,Confirmed Lineup,3.97,,,,,0.93,0.29,0.949,0.912,0.31,0.268,0.472,0.521,0.036,0.027,0.5,0.27,0.18,0.95,0.03,0.79,0.8,0.785,False,96.0,99.0,96.0,88.0,93.0,91.0,91.0,92.0,94.0,high,high,high,high,high,high,high,high,high
hitter,LAD,WSH,Mookie Betts,605141,2.0,SS,Confirmed Lineup,4.16,,,,,0.67,0.45,0.693,0.639,0.424,0.469,0.472,0.483,0.036,0.034,0.48,0.3,0.18,0.95,0.03,0.64,0.672,0.608,False,96.0,99.0,96.0,88.0,93.0,91.0,91.0,92.0,94.0,high,high,high,high,high,high,high,high,high
hitter,LAD,WSH,Will Smith,669257,3.0,C,Confirmed Lineup,3.61,,,,,0.91,0.38,0.949,0.879,0.386,0.383,0.407,0.369,0.033,0.039,0.39,0.25,0.17,0.8,0.04,0.5,0.552,0.458,False,96.0,99.0,96.0,88.0,93.0,91.0,91.0,92.0,94.0,high,high,high,high,high,high,high,high,high
hitter,LAD,WSH,Freddie Freeman,518692,4.0,1B,Confirmed Lineup,4.16,,,,,0.96,0.55,1.011,0.905,0.572,0.535,0.407,0.423,0.033,0.021,0.42,0.29,0.17,0.88,0.03,0.61,0.651,0.585,False,96.0,99.0,96.0,88.0,93.0,91.0,91.0,92.0,94.0,high,high,high,high,high,high,high,high,high
hitter,LAD,WSH,Teoscar Hernández,606192,5.0,LF,Confirmed Lineup,4.16,,,,,1.43,0.42,1.478,1.382,0.417,0.423,0.396,0.346,0.048,0.053,0.37,0.26,0.18,0.8,0.05,0.6,0.606,0.595,False,96.0,99.0,96.0,88.0,93.0,91.0,91.0,92.0,94.0,high,high,high,high,high,high,high,high,high
hitter,LAD,WSH,Kyle Tucker,663656,6.0,RF,Confirmed Lineup,4.16,,,,,0.88,0.63,0.813,0.952,0.657,0.599,0.407,0.515,0.043,0.053,0.47,0.29,0.21,0.97,0.05,0.67,0.65,0.691,False,96.0,99.0,96.0,88.0,93.0,91.0,91.0,92.0,94.0,high,high,high,high,high,high,high,high,high
hitter,LAD,WSH,Miguel Rojas,500743,7.0,2B,Confirmed Lineup,2.0,,,,,0.37,0.14,0.375,0.364,0.18,0.103,0.114,0.112,0.009,0.0,0.11,0.06,0.04,0.22,0.0,0.15,0.243,0.072,False,96.0,99.0,96.0,88.0,93.0,91.0,91.0,92.0,94.0,high,high,high,high,high,high,high,high,high
hitter,LAD,WSH,Max Muncy,571970,8.0,DH,Confirmed Lineup,3.71,,,,,1.25,0.52,1.278,1.217,0.572,0.466,0.396,0.357,0.045,0.06,0.37,0.24,0.16,0.78,0.05,0.59,0.635,0.549,False,96.0,99.0,96.0,88.0,93.0,91.0,91.0,92.0,94.0,high,high,high,high,high,high,high,high,high
hitter,LAD,WSH,Enrique Hernández,571771,9.0,3B,Confirmed Lineup,2.68,,,,,0.88,0.22,0.813,0.945,0.228,0.207,0.262,0.212,0.016,0.002,0.23,0.12,0.08,0.44,0.01,0.27,0.367,0.193,False,96.0,99.0,96.0,88.0,93.0,91.0,91.0,92.0,94.0,high,high,high,high,high,high,high,high,high
